id,neighborhood
--cgVkbWTiga3OYTkymKqA,Homewood
--ujyvoQlwVoBgMYtADiLA,Hays
-1PwcnMwaztBRKah7lrWBg,Dormont
-3rvpkYkYD_N1IP4hSvD0A,Dormont
-40RDS4F54qiGiEQUsZaXA,Aspinwall
-5CXrj2zoTVcZG9NdCtJaw,Carrick
-7teXSpi9nqy58WUd-8yfw,Carrick
-9lOQ0Lfm8wiu8eSdUXS8A,Aspinwall
-aZJYlL8sb8UGHcFoDIqSA,West View
-BuZrOMqgO4OU_UKYSddAg,Aspinwall
-CHQ9-OIJhMtgYdWN_eFPw,Regent Square
-d8gt_XhhUQh2CxlWJe-xw,West View
-DQVeF8QYXGL4o5FJcLMsg,Homewood
-DUQQsE2QvFIuqO5EiChQA,Dormont
-EOkXdih0os9dWdSe3W8kA,West View
-FcuxZqsQ0FO35GEXExwjw,Regent Square
-h6bRTwHPOMi_JHE-8sBpg,Aspinwall
-Is6Ney1wmsJAjvDdkaaaQ,Point Breeze
-jY5PZpcwKf1aB2b2XwEVw,Hays
-kmPZ1i8fJBCAlVcTWqAeA,Millvale
-LiVt5oFhC-AA4nCH77DjQ,Dormont
-nHkhiuerqmfBG3v2v9O-g,Carrick
-RxzvvyKBOPOzeTvagqEfg,Fairywood
-SYMuJ9jfIMkXUMYl_RFfw,West View
-U-iY-Ien0aRa3NZ1rnLxA,West View
-W4gdvXVwi2nTkAIjqaJzA,Aspinwall
-Wdp5xVPqhbFxWZDVmqRNw,Avalon
-WgUeWBmBR6l_6RFEPzzaw,Fairywood
-xO6uM7qSclHSnXLTVRneQ,West View
-Z83meSvAH4vJ6dfO8hjUw,Fairywood
-zvdIbQK0RAf6GDNcIrqCA,Overbrook
0-mgWY9EHEYn3sLMxDHeZA,West View
0-nKBUyFdYAbq0PnByIabA,Aspinwall
07jcnYyPycPdEbr74tD_Kw,Dormont
098G16F8OQHVzsFoe6sRHw,Dormont
0aC1_rN0scdHkAy_dDSMWA,Etna
0ajTatYvxoFd7-C22r6L4w,Homewood
0cjjoeuuWcgrFFe0qd-eOw,Homewood
0cpanzyAZa0qGPsiXSV-Nw,West View
0Db7vd1NK4wRKKaVyyvuJw,West View
0Em_6So49P5c0j1bJABo3g,West View
0FJHkWgCsvgDjWQyRBlKkA,West View
0FSH-6mRF7DKjeI98snxrA,Dormont
0hlQbEOdqNBagHP6xFgRRQ,Homewood
0IfrcGbFzQvn9w8bl9GKDg,West View
0LET9Sv07b3nMYzvBvCyuA,Aspinwall
0OkfU0vDBprsIEd5hWuhAQ,Point Breeze
0P80meqrUpsJlHty1iuxVg,Homewood
0PtNw7RgF4JFcPyP-LqZ_Q,Regent Square
0t2yPpsbObqxB8PRyLRUhg,Fairywood
0tsl6aGhI-4nJgeVRfC3HQ,Homewood
0U0DYaZudE9qyZfNkBfYIg,West View
0vAHRd4Xlsdx3fHV8JCRBQ,Dormont
0VDcJitRHh5uJnkjymu_6A,West View
0wJVogOnBxNLBBfFN0K92A,West View
0Wy4gw8krao9nGq-sHWFSQ,Homewood
0xgiGCKfFCbRl_1ykxhSYA,Regent Square
0XYb2hRZFsdawpC8ksZSwA,West View
0YcX4NLYO5DDwSr8KcV1rQ,Dormont
0yFe_kQiynisvahzVuq6Mw,Fairywood
0zpkvq98Gx34dF7UK2u02w,West View
1370lq78GpaSd3P-QEnZBg,Fairywood
13EssEAKW5Wd9p7_HDsUPg,Dormont
13ul-SZPweqIStSYF2cciQ,East Carnegie
14shvUWwsNM6evkIXfgLIw,Carnegie
15RvAvPxUBl3HmnGMJdtTQ,Greentree
19m3NtbbP2VX-tDFJB1lKQ,Carrick
1BHU-BFB48nIbWjAzq-Xag,Greentree
1C6TJeZtRYf99eq2PVmQng,Dormont
1drbf1OIcG7iblkcWgCyEA,Brookline
1eJ7yIzSAjwC145fnHD5Xw,Fairywood
1fbOsfcPpdHIkWa3egdIZg,Fairywood
1FodVSAxoKqEKYQc3QHgvg,Brookline
1GaooxqCWHzulI2Ub3CXEw,Greentree
1gb-Lgt4qH5P_WaV0mtdag,Carnegie
1h1EGiDCoKQnL-VmRHIagw,Fairywood
1MrJJ9tyNyfFrxaNZ67xFg,Overbrook
1qxmO1zpYegBxV8XDLE8ZA,Dormont
1RHY4K3BD22FK7Cfftn8Mg,Sewickley
1s-rEOK5VrZzVbyvdhDPHQ,Homewood
1sZRrH4lZwUzeCJabZEBQQ,West View
1t3WY_IHNe9AUQgjPZx1mA,Homewood
1uH4zHOUSzaWFzWqsVsQlQ,West View
1vlsFI4GwLO7B-1YIaeh5Q,Millvale
1vXAeVpQPF_2ai__lMmUIw,Hays
1w6_xrdhVD-y-DBYpv0YCQ,Aspinwall
1xExbYcT2SnnjyPXV5D0xQ,Dormont
1Z1SH6kLoeJVwkWY1BXvyQ,West View
1ZDGpyCKBX-VvuO0Vl2tww,Regent Square
1ZOBrVK5vjFGQjSqvVBA3A,West View
2-_UPP_gKEsx2F8BXZf-PA,West View
20gnq2ZTGn05ZBXXs0aj1Q,Overbrook
20OLCPMGgn4boGbJdWugSA,Fairywood
23gakZ_NlN3K0SqOBybwug,Regent Square
24ZF_CY04CplqUaOu7U_aQ,Sharpsburg
2706goA6nyUtHbOrPoATCw,Fairywood
28EJ38U2GnW6ePPw9OKcVA,Carnegie
2a3BD-LDJIQF-yrSu07cSQ,Carnegie
2A9gJkmWbBVoh6kK0jDlxA,Aspinwall
2aFGrMH67AImrssv6s0oUw,Carnegie
2AJ0TZ0QethJmUqZrLJxCQ,Dormont
2cF-sCqhCGzVMJULhNqjBQ,Point Breeze
2cfzQGANxuIGcCUrlwnV7w,Homewood
2EPJQMDlUF7s-EsGOztxJQ,Carrick
2GtsN4VziQDzDK5YGToSqg,Sharpsburg
2hkse9hhod0se1X7rIc9UQ,Hays
2jwpM5qhFCf8rpW1LeG7lA,West View
2KmTEXgDrUBmGifZOeevag,Carnegie
2KrRu2odf_53L90UQLKVvA,Aspinwall
2MQLD5la1kE6n0-DcIVu7g,Homewood
2NffWBxDYAws9CYRgvPi1Q,Carnegie
2NXb5LHngfZppLDOZDEhSg,West View
2omRL9-lZO9idRT9iFZc1Q,Sewickley
2rh3sfRbN2xf9WKmN9qr3Q,West View
2utAqL8JkdKVHgvhlR34eA,Hays
2wCzZUwcqRRBrAtBBYxnog,Homewood
2wGXR2aHOCNJpV4pWU5Zxg,Dormont
2wU2cdWiKegJujTliMJx0w,West View
2xBIQyPr3Bp5YPgLScMSgg,Fairywood
2XZ4g_ps_H55CmxFs4Pu8A,Aspinwall
2YjWX5CghdcXiA6iMxRLlg,Homewood
2YuEeB5qwof1GJ150eNcZA,Fairywood
2Znd74abOdrWyXQfwbT0rg,Overbrook
2ZzThh_QS7JnNApvNwOH4w,West View
3-oOqpfXKnLy-BnrS2FGDA,Dormont
30ibZa6RLsrdhmCUeoS7tQ,West View
34P9LyV0J-q_HwLksrgyuw,West View
35JjuQ6nsSNshtt5hyLUCQ,Homewood
37ZUkggFxGPq9CHEIpKFbw,West View
3ajK8gw_jtnOxT8CuQKTtQ,Hays
3eexaenBq8HvkTiYjVl3Pg,West View
3FM2IcIo5xf27XSkYvDGnw,Sharpsburg
3fx50m708Tl3xJmSoDpRWQ,Brookline
3GuqcEYaF1d1WXcwOX5xPw,Regent Square
3Hdt8Zf3J17RBghvfnWAFA,West View
3JhKtHSmvwzGBysraUVMDg,Dormont
3Jho5jKYvEXA7jazVhfdow,Regent Square
3JyqPFOCUHFczVSfiw518w,Dormont
3j_8fQ3G3V3LEJuq8O-RTQ,Fairywood
3kwigsDDg6DjYtKiqMr7mw,West View
3lnPkEqG1DaORudXiJim7Q,Homewood
3Na87zGI69xsrTAfnunKkg,Dormont
3NOHbRcemjyEGgDw5xviHg,Brookline
3OmXBXH5pQ0esfccEqZP-A,Carrick
3PDQyGDyNitVsFj6_dYtcA,Sewickley
3q096sYoAEh2NqoMNOMRMg,West View
3QgRw41hMZONLTMUfoTAWw,Carrick
3QjiGhHHneNMqT4wq0uwhg,West View
3R28YY7Jw_EJs0-X8qDArw,Carnegie
3rf5VUEu1jlU2-EdiRmIBw,Overbrook
3RWJGTSIRvGmIbwvMqAOuw,Dormont
3xckG-BBA7_ozunrtFRU3Q,Fairywood
3ybsKWA03f16v4OPC0jApg,Regent Square
3ylcv8d9010OTlZ_yNWvtw,Sewickley
3ytDBYOIv0MnqrAe-OvQNw,Carrick
3ZcxnR9YkDVRqqkDJMRWBg,Homewood
3zGyd9KAloFIlMhAZpMi6Q,Carrick
3zX0S3G9PLSdH3qDGIR_aQ,Windgap
40RqHzPLHxDX53R0aTWcwQ,Greentree
40v7ju3pDZmYfmoUymHm5A,Aspinwall
462vn0tiPlmWRcP71yYOTQ,Homewood
47AmmSwW2H2phOkpN0P6kA,West View
48Jpocp6-e8QOWV1d_S_tQ,West View
48nQpsNiVcnTR0nXxsg7yA,Overbrook
4AgSOPmhRfPcC-NctjiszQ,Aspinwall
4aLxS9wkL3cTqGUbhcWTig,South Side
4CVP_a_mH77ywcSaU4vUwA,Hays
4fsJNFc_jvch3cot2UguZA,West View
4GUXkFjJL5SEZK-qtDZSKA,Dormont
4h9pgz9PtsXu-4MaQTb5Kw,West View
4IO9anlf46sejlK3FIPGqw,Regent Square
4JkIFC5MC7LPzu4v3Pay6w,Fairywood
4jNjYtxZ9tPOx6cl9SUIOA,Hays
4jtrEqxijSWXqGCpBQqurA,Dormont
4mb7Wj8RAzCx8CRf4V5jHA,West View
4NkEWTs76FplOihc-qyBZQ,West View
4oFZ7YPCKw3jM9pIkUAnQA,Homewood
4OroXpaMbyiFCMeaIbW9fg,West View
4Q3TV-I1SwiAro9ttvpAlQ,Fairywood
4RhyluqR0eXERECBLallXQ,Carrick
4RJ1TwPI9rHp0Vcc_eZCiQ,West View
4Sw949z60DupwinXF14IpA,Dormont
4TjwgB-VaBbp1KC2TBoh-g,West View
4U99yT2OYHDYAhIiYE5xWw,Aspinwall
4vdArX8p6HsVpOU5IOtzMA,West View
4vDjr0eDn1zBuMBKqmTMZQ,West View
4wwmiKihQAit3e1VwujfVw,Aspinwall
4x2zSNZ4482tbaiJ5Q2P1Q,West View
4zHx3HeS5ddYqytuLLKLlQ,West View
4Zuyl_6omMkU06e9dJK3DQ,Aspinwall
4_43zqNDdn7icwxlgHgL8g,Aspinwall
5-wiVRTpKwhz2wKxNS-JzA,Carrick
50KEvLtQl9Vv4YE1vs681Q,Fairywood
50pVtN734QXvtRh6IDiapw,Sewickley
52CTwAiIZBzAU4dxdazXkw,Dormont
55hh7ytRsWTEPC-66KJqGw,Fairywood
55LdBLn7CXbWwhD06Zn_0Q,Aspinwall
56ONF1hwZIl9_m9p9JY9Wg,Homewood
56vH9aka_9IRw17gFUMWVQ,Dormont
57fiE9rxPatqQy1J-p1aqw,West View
59sv6bcwj8XFMclG5KBwNQ,Dormont
5b7YWmRz0Eer4LvSdYFY2A,Brookline
5b8x_kMnx_r_1_UOyD_poQ,Greentree
5c09X7w-ComQwjGZW9c_HQ,West View
5cpKypDYg4sylFRuUMXSYQ,Homewood
5dFz332M4vPK9k5gbx90aQ,Carrick
5E37qENVklkwAMHmIwc_IA,Overbrook
5e6YgVJOoIIaLt7lI_7ZbQ,Carrick
5fmhGouEy_7WLloRyXRyUg,Fairywood
5fyROfD0I6Xd0pTqoOcL2A,West View
5HjmnWOtBYAYW-jjdZ3aKA,Overbrook
5IGyYjfDzOog6oO-DYmWOg,Carrick
5J6LzSmsz3vZy6-KkQpyFg,West View
5JdWiW-UVMaL7lpuj7d8-A,Hays
5jSwodZ2cLIgD0SLGXYbeg,Homewood
5JzXF2Uz3P1_Fo9xs83HuA,Dormont
5lTcS8XNX5oGvtCToJgPDg,Carnegie
5LtZLznMWTNsciWBU3zg2g,West View
5lyTwvrAivEUFgmFIFIoeg,Fairywood
5mMcFcZGdktTF8Qfh1u02A,Overbrook
5nuQ-265XVUtDHg3I4dJmQ,Regent Square
5Oh4E8lTlAHzs4hrjsLFOA,Homewood
5p38fkiNeNeCmunt6HlX-A,West View
5p4Uh_gCY25hQayZMZfkQg,Homewood
5PPzt94uYlYgMpddpf38Ug,Homewood
5q6jyfaRrYC01vPKMpCIqg,West View
5qVlB_Qpw6oHWmtzGUview,West View
5r6VMsP4BxCACUBevN93LQ,West View
5ry-n1zoefQQHczi7nBC-w,Dormont
5S8KaaAIjqo2bJcVlMNW5w,Dormont
5sDHHzWw3S0HgIbdzR-8BQ,Dormont
5sqblnHXbVHkBCx34733vg,Etna
5TeFopqspSMhkkaijxCF2g,West View
5UGgPOV70doavM7OF_sE9A,Fairywood
5UoASJvovfFzp-eUCiFfWQ,Homewood
5VLwQAIheQwmpusFa-tC6w,Dormont
5WcZ9HW6VTROyOLb-EsHNQ,Fairywood
5WQUCdaACiCOh1GnGLJ3Aw,Homewood
5wr_UtUUdF8L2UlaD1DhNQ,West View
5wuN-2Dhyj00FeLkkRAUNQ,West View
5XFe2938xyKtSR6Y--_7tA,Dormont
5XLpXHUQfvHQ7u7QF8DhWQ,Brookline
5XYJVEVmEXjPf5w-EEZ18A,Millvale
5ZXa_1aVLmJC9oiWlxEtvg,West View
622gZe6ADb4jqwDykXZW6g,West View
64ifl_TUePrla8zvMBzA7A,Aspinwall
66D9bO-p8FG01OfmfX14LA,Fairywood
69t9niG1SRUTX9yqyw6kRw,Carrick
6CZXASRwyiFfC02Pg1ZCew,Fairywood
6eBYh0NQ80cCAmC4ajlKuQ,Carrick
6ensl3XsaQhw_qy4CqkvJA,Fairywood
6euYPVcqB4VH2WveGbANxQ,Dormont
6EzE_0QykzrUHHSMcCL7vQ,Homewood
6FiYR7Buwfo1dzNqFSvmyg,Dormont
6fQXFkkw2BUARDa0EzsGnA,West View
6hKY8sj-ikAQdzrkrBcvuQ,Dormont
6hvuCibNS4uECetHb9MCQQ,West View
6hZHlfwknQVVAoQVQr3_ag,Aspinwall
6IHpf9WXTsYJYh_9Yh9alA,West View
6ijZO9TWdl6lTLqe5G5XWA,Dormont
6IKgKHZci-8mUtnvGh4S2g,West View
6jzWUo0HAT3hNgBH-zHtYg,West View
6kctu-fL-r3pV3aDfUIxLA,Overbrook
6Le42f6TQB45B2_nYej9Lg,West View
6LGwTYIDi4pD-ELpuMJYiQ,Carrick
6mkowJbicSV3-9LVjOabJA,Homewood
6NFwoJwVWngpZ6IYNPrDxQ,Carnegie
6NKR9sQHxrkwxhGcYbqsdg,Homewood
6OLwyulRuqgghzYBa2TabQ,Dormont
6OV-xbmgjdXUZ80BdjXfJQ,West View
6R8rEXJ7uB5kyT_Zs20TEQ,Carnegie
6rXMgnLtdEPath2PQji1NQ,Homewood
6TXsoNgyWuzVMt0S0g10hg,Fairywood
6U5QlK84UmPUgoJAwAcL9Q,Overbrook
6Uv15dNmIxtPMB_1O2O1vA,Homestead
6WItftahZ9lNFJxfDPSJ0Q,West View
6wsAW-YkIpHkYpM1mbMD1w,West View
6X3oo6gvtQkpSn8rE_wi-g,West View
6yz2l_CCcuz61uXFiEzVrg,Aspinwall
6z3WwQn7ZpFtZqldwK3LTw,Overbrook
6zm33qiJAMtjMSXGlfIFKA,West View
6zQbmZ_Wy_SYz6ZV5pwBAQ,Dormont
70d7YyiQkt7fCGsgDfenpQ,Aspinwall
71ONxJtmDNDiJAtYHK-0RA,Dormont
73mE3MRuzKmdbBI6tjbUoA,Dormont
73YzUjQHyM7hVVMoxllDOQ,West View
744R6SNxZvdRHZTWmkGOdw,West View
75azemjvdMXjzzWp-fZDTA,Point Breeze
75YprnV6eykU8K8N4aIwyg,West View
783qMhPSIRhMvM5O8WXiww,Fairywood
78jHxNL8wHMSq_j8KF9exA,Fairywood
7a8giDjnBsG7TTKoU7sdTQ,Homewood
7bn35I2jgrDU76ihzrNbCA,West View
7dCLo-h_6ty7OKeACr7JbQ,Regent Square
7eehCIB8I-WZk8oxgelakg,Dormont
7gJOOd6htSMUUxJ2LDMTwg,Dormont
7ifZDDd4-ROT-puhUo0btw,Homewood
7K-DoMVzjxZtUlYYUNHwUg,West View
7LlND5b0bjWylNBNQ-oZMA,Dormont
7M1E9DZ4dL-x1AjiumdXgA,Dormont
7Ny6x4wX1JJLqdVeKQ1JYg,Homewood
7p6tHUA1Pknh0DVWqz86lA,Carrick
7PTYZOAW1yF7o_OHdf0BAA,Greentree
7QhYLKgSuBur1SMgms_-wQ,Emsworth
7S3F3udDoxqYq3ZEFDU8iw,Avalon
7SLdPD6ve1hhrrN_sMH7Fw,Hays
7svK0DI4BOP0cqjSww7cZQ,West View
7U5sok1frk9q0IRQS-k2uQ,Fairywood
7U73RqIg6JA0WThxWUV3uA,Dormont
7UG7SJ7zr6FSgKNX2lINfg,Greentree
7ULRdJfVo2-Og5ZoGOECFg,West View
7V85IW7xNzTIlukR0mvJgQ,Regent Square
7Vadqn7tF7fXLSV5CoCFCA,Carrick
7VTIjuJvFNclIH1x1pu_nA,Homewood
7W1qDH2R_PtTk7_HfdVFOA,West View
7Wt1j4gpvNwGvyN6PCbpqQ,Dormont
7xHbnGo4MXFkBm6gYSu_xg,Fairywood
7Y3wJOhOH6b50RSou0_p5A,Millvale
7zwOZEDbFkqCe3j-y5hkBQ,Homewood
80-1hn5fAJXFsxuyLe0w7A,Point Breeze
80544c9_y63PfEi9DgjtoA,Greentree
82_4u3Toy7vB8imnJ-cCnQ,Homewood
85iB_0J9lCRI7jRtmsAlQA,Carrick
85nvKTJSN8byoeGRxzGkug,West View
86fHxyI2I3-mwC-yppgKhg,Dormont
88Mq2edCXyXRtjmY_Vkarg,West View
88YIDz72c0MMYy09o6UJIw,Dormont
8Aaw_0k5-MEAoXY_M_dbCw,Homewood
8BAWsFbOxEtTl8Vj54S9wA,Dormont
8bBvu0GtDSWXov40szBbwQ,West View
8c2ObImjXJ9pW0hUccL35A,Hays
8CCOH5A-ZNTgeK9rUOWejQ,Sewickley
8CjI8nebSDB5aINJc3dLwA,Carrick
8dAmtiVtZjiRTmDq9QAW5w,Dormont
8edTRAKWTzd0B_sfb8ekeQ,Dormont
8EJKlOsaYT4VFTALPLMYrg,Fairywood
8hG-FmLwliM-yxzyeVqjyQ,Overbrook
8ISwdpgOEj6rznVvcWGXyA,Aspinwall
8L8QlR4XJeAblTKCqoDP0A,Carrick
8m1Oe42RZ8kqGGZ0irnD-g,West View
8mcg3eCoh69WqaKKZZF98w,Dormont
8MSzI-4KJHpGBLiILkrtVg,Fairywood
8Td6QFmp0J1XQlYhgRhogA,West View
8VFjKdMN1pJR7Ze3joXIHA,Carrick
8y0Z185wJYTrwkCM1lWo3w,West View
8YA0onxaoNTlDLLW01E0iw,West View
8YM-D4QaA2qGDGBQt5Ceiw,West View
9-eMqJiY9YW_IVTIandMHw,Overbrook
90DT5MO2X-C2F_5c66DNag,Dormont
90sD2roTmcg1kb0TzO03qA,Regent Square
94VxE6XLTrXmz4yXWEJbAg,Regent Square
95jrGOcAdQemLq_tREnayg,Dormont
96KqhOZ5rzm1JnlW20I34Q,Dormont
96puuUqlMC8INO36uLi0ag,Dormont
972k85RI2JhVs3OBnq6iFg,Regent Square
98sejBn5Rm5wia51AgYrrQ,Point Breeze
995cDn3wIwi4pw4N_uLSqw,West View
99o4ODV5D0tY5IaxwcXmMw,West View
9A26tC2fU49rYPf1n6tWkg,Aspinwall
9aQYvnE-YzJFl_QXMg7OjQ,Greentree
9arfDhfiMMCyqWxpZTipbA,West View
9coZa838egYONxSdTe-wUg,Carrick
9DrQTv-lpL1bf_CiY4XL4Q,Etna
9Eiqqaqxm4kng5lmgzKpYQ,Homestead
9FoDQGE16JNlg_6IOZHjCQ,Carnegie
9GWfMAuAOlkt4MAZ4eZjlA,West View
9h8ufGEG_kUf_H3Lq81veQ,Aspinwall
9I9tJRp1pfgkrHESCrHRbA,Overbrook
9idqxp27m53_05Y1_0g4yg,Etna
9IG8B3Dvgd9sh4uKrRtciw,Carrick
9IgOTHBumliMtztKk9XbBw,Dormont
9j3Lcsbng3Zx3f069S3d1A,Aspinwall
9JEEcsd-6I2g95Kvf7QQrw,Fairywood
9JOBiuLPs6puQJBS0X9xkQ,Overbrook
9K7opYIdClIda8g9WxZkzA,Sewickley
9k_MsitTXVdFQJR_1gptVg,Carrick
9LBrnZPpd2icVCHqROwxxA,Homewood
9Lu2VvdAPswV-RRiQFfXXQ,Fairywood
9mYjIQ-9DKMuR8kM5M2gtw,Fairywood
9NkVYpLnODejS7C7QD3IMw,West View
9O84Hfx270fX_g-4mn9Ypw,West View
9OebZRLGgL0mwty5aebPjQ,West View
9PeH-V0CgYQzm1E0YNB5Xw,West View
9TDw9ryPk2c3B3AuHlaCNA,West View
9ULYr7_IvmSMFwGc-3uVLA,West View
9UzrPAKKnwao1GbcaBoxtQ,Homestead
9vaCqmQ56EtUyj6PV8_D8A,Homewood
9xntHT2cr_CFXo69DRfUMQ,West View
9xweM3L_Wva9wOctUeABeA,West View
9y7fhfHP8ClcYXJ4YPg7Yw,Homewood
9yACFTyBd460lJD7YgYZZA,Homewood
9YmWoqNThtkYTc72_N0zfQ,Sewickley
9Yo5Fl8wstZlxBnD0G-uHg,West View
9_B3nY3KlHW1WDvOeMk9GA,Greentree
a-jRQz3diKliuAvz8x8TIQ,Dormont
A-OvzL1cssAoFQ-TMRUpBQ,West View
A-vyI4RcfD8SSduzN5aMFw,Sewickley
a-ZcynZic4jIrpf9Pp7yaQ,Regent Square
a384anuGRsOe5IXclb3cNQ,Carrick
A5EadFyHhq-1rnFTq3yGHQ,West View
a5mpYojV1dX7XCkAa1qq1A,West View
a5xUI7TvsNhM5gZr6KowDg,West View
a9cxgDAGLYipPkv_zOmgsg,Fairywood
a9nQEyWahpOAQFWcDc8ctA,Fairywood
A9tLzTY3_CR62os8bTOebA,West View
AanIRR6tCCgIO7OibuvE5A,Fairywood
AAtiejsgWy-XgY8CK1GAEg,Homewood
ab0rlLca2jGBjaUsiBRiIQ,Regent Square
Ac-DbrST8bF9Cpge5D9_Cg,Dormont
acLdi8jhqmSLrq1FQgidkA,West View
AD1Rtj5EiYxu-JnED1Pz7g,Aspinwall
aDgta0v_a3gZsq0dYHOb5Q,West View
AdHBtjNeuuAU4w6E7NCkfQ,West View
AdOT9ohpVDRvCwqZZMMisw,West View
aE4ktnrlt3683dL4M9Qf-g,Carrick
AfBmTieD9rNsas2VLMy-EQ,Etna
afXMX5llxcMFzbaPaBBm6A,Homewood
AGztN3eVZPqEWXlDM1A2dw,Homewood
ah-nnMRuRX4eQVqlRIGrCw,Fairywood
ah1B-nKM8VjoLC0eV1Y-Xg,Aspinwall
aHuGV6FS0j8_1_p9vFeNuA,Dormont
AIbCGVTv_oPE3S957E47Lg,Fairywood
aIRqTrv_kIq0oAZuPh1b2A,Dormont
AJUT4gN0JhTvjYHnGKZ_Sg,Homewood
albrwWP2nFfxZBb0gDuR_A,Fairywood
alPNWNNN3yqpHQ8TKYJdcQ,West View
aLPVzONfYU2j-qW0I0UWaA,Dormont
AMWMEXmwrODR1X2G3V9Q0A,Carrick
aNB63WdHxjzjRA2ep5wc5Q,Homewood
anfgvbiobw4M0Wnvx_os3Q,West View
ANYPocCa_Ea2RYez622faw,West View
AOfcah-i7XSInH-0oZ_0Aw,Fairywood
AoSG2sfQy3rf6ySzEYgQiA,West View
AQEojiFZgNliIoy2eoDzhw,Overbrook
aQKix0iMREiJsFGr7mH1mA,Fairywood
aqR3yf0nMqsxdwAHXLDuzQ,West View
AR9Lf9MIsBqc52qlyKIpcg,West View
AS-YQevyV8_5ue5u040APw,Regent Square
asRR7Nw3CI4lJB9696crmw,Fairywood
at5u9lc6Clf0XdJCnMko7g,West View
AThUjgEmgHgVdD242hjsAg,Dormont
atu9bo2flyoM3CzihE-OlQ,Dormont
ATwgU_Mn00KBcUJFt_YCuw,West View
aTysOdHgV9ghIR48l0nyOA,Dormont
Au4pX3CnaWDbwrAyYOukig,Emsworth
AZldShftFvgvSejj-p20hg,West View
AZYsl4bNY6nFlvd6y96HNA,Sharpsburg
A_PgZp2M63zWtnpNChpk-w,West View
B-JMqkSUcwMuQEUGSKfNqg,Sewickley
b0CStusyvwyQaAH_ts2pjQ,Fairywood
B0JdEQoQjr9oka-_YyGZ8g,West View
B0U-KjfYGpaTUe-oCoxPqA,Homewood
B1dCyA21u1mG1bcrq9TTYg,Homewood
b1UvPlDmVtN0ATBVfe6wBw,Point Breeze
B4lI3DPbEVeTRKVjLLklXQ,Fairywood
B5lW4nNQmPlz0ne0Qws-sw,Aspinwall
b69wx6RTTuPaH2mCYnjaLQ,Avalon
b6DAp8hLHpSHMi2fGOB7Lw,West View
b6fhU1taXJdiTldEYixbUQ,Point Breeze
B6y9VoZTcjIsll4FXtCsPw,West View
b6yJpxLZ9amUHhnAg2glDQ,Dormont
b7GvlTQKIYIxbqmjSyA3FQ,West View
b8WmIVLCvMYylVedI_nXjw,Dormont
B9YWDH-_QIg4YCyABwQwQQ,Regent Square
BAtL1yfd_C54_2nf-C9y0g,West View
bAWQmZgMggH4HTJnVcpLPw,Fairywood
BBbrGzzgYK_lQTNsRFkOaA,West View
BDjZ5us1RyBGEQRgUeF7Tg,Fairywood
bdy7ezGkjF13g7CCsKosbQ,Dormont
bGdsMEAf6cijRl-trr1iCg,Greentree
bGKAjrtFz1ssLSCh0ORjrQ,Dormont
BGkpUKqCNPGPHvhQ2J9mwQ,Brookline
bGN6T2M5OPUgHx4JSeT_fA,Hays
bGz6ulpHAOhE5tIKBchsGA,Dormont
bHKrn270Fw0iAnovnQiHFw,Fairywood
bHO7WE9WgMT9USSr7ZI9JQ,West View
BiGJEC4WxcoW578wi1UBMw,Dormont
BILDxxCeTdEinTWDGY3O8g,Dormont
bJ4lzGSKF4vlpEmR-68zMQ,Homewood
Bj8SEo-9tkOjXIYSub3Wag,West View
Bj8SZok_fBDxzHYE4Z_0kA,Aspinwall
bjI3a8pqjEgz6AUfI3JHLA,West View
bjr8Uyi-r6xDeXVAhSX-cA,Dormont
bKj_nnb2wyXduNoFXDeR9w,Aspinwall
BKpmbZinihQPZra5SWks3A,Aspinwall
blq-6xx8vKcm1Va4LFSORg,Carnegie
bltzOIZD3qLvM41MoQOztQ,Homewood
BMR_AsSBzTQHqW-SQabI4w,West View
BnDqHWovCd6Xwp3KzoL0hg,West View
BNeS_hZfmdQWsqewj-LuDA,West View
bnscF25BWatvO1Z-j87NXQ,Fairywood
bOH3L_szGTARbkqKg92ntg,Point Breeze
BON3_933ajVx0vIodTEUBA,Regent Square
BoTb3FqOsJaFe_koVfyGbw,Hays
bQbfIjMnY56fOPyz44mG5g,West View
BqHX49ixrSuPoMaZ9Lzz1g,Overbrook
bqOuEU31evbcI064wHN1jQ,Fairywood
BrrQhMmsIHLqraZ1VuJ7Pw,Sewickley
br_d4kDitXax4QOb6IaXPw,Fairywood
bT0JA-u9wh2x6lX71Gm8xw,Fairywood
bTzhVdmvW5ynQgKkcoQOGw,Fairywood
bv2a63zf3wjONmxN7L5Ccw,Regent Square
bWfwTLWvrGd1LPwDKzq1WQ,Carrick
BwNZaPoqjHYK4RMqAxSeCw,West View
bwXvZukFN0utPlJUOl9TgA,Greentree
BX7ONRpKClT8ahXwEn_CJA,West View
BY1_pf7FHUycHOwYEenDlQ,Regent Square
By5t_SapEX5TAxT9P4G24g,Dormont
bzT3yfxbZSeGvvIRQSgGIg,Hays
Bz__Pgp72wBuBkVMY-Hq3A,Fairywood
b_XIKJ2nNzksuWhfMTEehQ,Fairywood
C-6PK9716CityDTZRmgNTg,West View
C2fz2wURk6SnDEuxhb4__g,Emsworth
C3Nj4nKpZgSIurPY8PDYVg,Homewood
C3Z5nHWtpalpMJDWWqurcw,Aspinwall
c5CWmwh0-WFIjn8_V2DECQ,Brookline
C5zOHpwyA-snVGppkbUpQg,Carrick
c6HdQrWdfE7muC0K8GeHsA,Overbrook
C6P4wUTuDOQNwCL_QrYapw,Homewood
C6tsW5XXD-NNRxrVTuxJwQ,West View
c7p5c56UbFoRTRNey8SOBA,Carnegie
C8MsojGq8zuK31fnQF89Rw,Homewood
CA5X3F5uANxo9ORxTqrXyA,West View
cAOCcoVt7onGQmu6rNd33g,West View
cAqecYs12UdWWOGob4kTyQ,Greentree
cbYYw_BweMiPbDw3z4C39Q,Fairywood
cCxedEjAHQO6h9eJ4KOobQ,Homewood
Ce7qJ9o4zOLnL2ZKyV9hoQ,Homewood
cFi7o039_xwe7s53yKPdAg,Overbrook
cfiteNRQ9p67aEZ6cwoHag,Crafton Heights
cFWfBh_oCv85WFA6ehP2PQ,Dormont
CG4gx6zaQpW7VirEKRZ8Eg,Carnegie
cHEwqPrYvYGuES-dBwt3Kw,Aspinwall
chiaBqTfsF_BIMl1tPndtA,Hays
cHTQwW-xsBVfuat5IL3dsg,Fairywood
CipRVpM7YzsE-9U9wf2YNQ,Troy Hill
CjCVFZurydHXPAM2Zu8NzA,Fairywood
cJljJTEXVp88GMxCRuJQ5Q,Regent Square
cJMxncH9Z3Z9ogErNTrLtA,Overbrook
cJREFoHP-dAYmwDzfWOHbA,Aspinwall
CjsW-70jmoXXaxt228aAIA,Dormont
CK-Gv3vqIlWOrKP4fhT8_g,Regent Square
cK5TFSRYtJcQa_BC4y30pQ,Dormont
ckbDWYPT8TP7etP0WHU2Yg,Fairywood
cKDql3YTCVyh2ljA21yE2A,Aspinwall
CKKtV3NsnaPA0H55llo_Jw,Homewood
CkVeYI6HpUmuZ87D6K-i3A,Overbrook
CLSRz9E-HmQRDwV2_smoDA,Aspinwall
cmCSiSCmTCCH5zVkF1UiJg,Millvale
CmowZbsyGD_8gxEHKiG0ow,Sewickley
cnKVSxy7Ddoq1oBP176iQg,Dormont
cNNtjnsz708bICtPqXYjsQ,Fairywood
coo8SbhOO8RtPKznMwwTMw,Fairywood
Cot6sn3QVG1utmh3qJNF7Q,Emsworth
cP3TB4SzCiMXU0Q_e2jxlQ,Homewood
CP7TRCpeBr1sTtWqcfRHxQ,Dormont
cpUOMJWNHBeKlu3C5U1TkQ,Sewickley
cpy1TaCpp_E5aLMcYgzDHw,Fairywood
cPYdwElCHVU794t-Cs0ToQ,Fairywood
CQbxcD7b6SjBwk7EOA0PcQ,Fairywood
CrNfz2Vd4bIrzxh3TjK23g,Carrick
CS3ykvbERsTrVxL9HPoCOw,Dormont
CS7DuVN2YkWDU7aoeFj-og,Fairywood
CTgyDRTOrc1lPAHMrXxFjw,West View
CUi46lF0HFO4h34lD4ff7A,Homewood
CV1VfZBR38LFR0pGSfBGwg,Aspinwall
cvizjloWfezWP2X1NhLNXQ,Fairywood
Cvzt440DVh7EHbLT69wbvw,Dormont
CWfuS5OFOLBBCw48xfdyDw,Dormont
CWWUo0zMnM6Ul9LVPwC0Bw,West View
Cxd_KV4-10gcPjId5uSZNA,Regent Square
CXq3wYcY0b1o60SI8qJkWA,Dormont
cXqG9kAM9zF9jmmiiE4eCA,West View
Cz-zEIf4R09elB1QgBhYTA,Homewood
CZ1kXH2dKd5CXYvhJamhUA,Sewickley
CzqGem5OaPAk10bQK4bzbg,Dormont
d-ekMONMo4K9ZCD4BmAMYg,West View
D0QlxiC0l2oPpnRmhCJuIA,Homewood
d1-X_lnO4e00Xso0LF9Zgw,West View
d3AgUU_g8CfEoQ42pIi2jw,Fairywood
d5RpFGSeo0g2GrMyKKJl7g,Homestead
D60IfSLfKA32Et3cvR-t3A,Carnegie
d6DIEMCZHme3RYHgu92xZg,Homewood
d6Skwa65ZxoO0NCBbzKlhA,Dormont
D6vRifMTw7hxUZCpNHknsw,Point Breeze
D71xljonXjT6KHU_NhgyRA,West View
d7mNEMA_o7TFYAehHzueDw,Fairywood
d8lfILAK-lOiVi9fjvuzwQ,Regent Square
d8sa2rNeam32L5ZZeKTL2w,Fairywood
d9VoaIeHTt1t2H6n_jPZAg,West View
da62X2tpj9tF0olWTigjBg,Dormont
dAgImz1R-BKwR3sYhbPqRw,Dormont
DBcpa6D6S9Cf1JKvkXvnlg,Homewood
Dbe0rGrLPZHZ0taS6oIyVg,Dormont
DbWXgA2kQH5K_XzkvluBGw,Dormont
DCmme5WPcUEU7zRCo5jSCw,Dormont
DCnU_ehDedwPMJLKlOECuw,Fairywood
DcS9KC9r3R52HxmaIi0PSA,Dormont
DfCgviabcknCLJbsGSPdSg,Regent Square
DG1SEWh-iiuJpTz4xP7K5Q,Fairywood
DGAf4J4hXbYiSML6hus3GQ,Brookline
DGeupkmvo1X1oKn-sv9UQA,West View
dGjXaHDqwihzOCNXBesSZA,Fairywood
dGLxHu0qJ17FVEXxPUt-PA,West View
DHauK_jCbcHozBBujcZtew,Fairywood
dHw86F2_8ddU2fLDUfdXNA,Brookline
dhX6HwaXn_Yb_Hv73SRxwQ,Dormont
DIGDwku2YcTyAZxyw7N9cg,Carrick
dJnmzE5n5xJgHiGiyMGosw,Carnegie
djrCgIR7zrSrNfMzIGHdOw,Dormont
dkQsF2mHKN_tjuv5rMMwBw,Dormont
dKuCDbfJi-V1TUAUkPFObg,Aspinwall
dKxeNoetk9TMipSnBbamCw,Regent Square
DmBJ2yxxpPWxpUuHhyAbdw,Homewood
Doe5n1rlydUJjQFeEt-r_A,West View
DOnn1M-8V1_iegwmzQoflQ,Dormont
DoxWHWsa2iZN5X9Hb4DQxA,West View
dpE0ZWdBo3P2aiKVd5saUg,Sewickley
DpPekIsTAxQzaBd2J9uIig,Fairywood
DPT4j7kxjLt332YMwFLkww,Greentree
DQ9FQQMN1aqrURn-NW4rEQ,Dormont
dQo2dPQyJE4avsILYYDCTA,Overbrook
DSyBqO8U8INz9cjduM6DzQ,Hays
DTTip1Ro12DdgD-4G_pBug,West View
Dt_0QYj6ziZGb8uAsKcmZA,West View
dukZ5XrXMMu21SnGjPF4_g,West View
DUnmwtLWiRHolspcOIsJ6A,Aspinwall
Dupmn0hAPRE82e0ZttfRSA,Dormont
DuUksv9EDj3agIMysRgYlw,Dormont
DV7gciTtuHL0br6m2GfdqA,Carnegie
DVhFg_FoTCTTNTZfJjQYzg,Carnegie
dw0y95zD-ODAavckvGPP9A,Squirrel Hill
dWB0HT1nXQ2N8n3bvPKJuQ,Dormont
DwMCE7vxQV8isP0WDyA5OA,Aspinwall
dwQ5sAiFksE4-nEqVIYzEA,Fairywood
Dz6OoIWRHAk0aIS1YlmT8w,West View
DznXgUxuAtFAl6pDpcYXdw,Regent Square
D_xNKV64LYNl4QcGa2fytQ,Sewickley
e-iVRNr4ag9aKOR9j_5ArQ,Fairywood
e2kpddzM-FS7zomYE8wrew,Overbrook
e31hScn_WxFiQzBP9AT9AQ,Aspinwall
E3BDs6Hvcxo5Z4YmWo0MNw,West View
E4TwrKSEMSEn1ehhESVG4g,Homewood
E4U8RCe42CpT3rtof7hEwQ,Aspinwall
e5VZzsKXpbFmqEr0EE9JIQ,West View
e68oFFsnN5oOjc3g4JXwZQ,West View
Ea-6xpe581a_mmeD3W3mog,Sewickley
Ea3GSstXLA1GRTMPq7pgdg,West View
EafZ9d170S18zqd1qs9MLQ,Fairywood
eBlScujqGYHsv49o1QPUzA,Sewickley
EC5fkjeyJLTXDVrffCvn1w,Aspinwall
EcfCEHv6GDZR1ESGDmGw3Q,Dormont
EdGMt5u1FomuMxu5dHSEjQ,West View
eDY9g4_uMX_uMuUzWAFqfg,Dormont
Ee1H1g8XF9cPlQeM69oHuA,West View
Een2yret0IwJUpHLwcxtRg,Dormont
EFaTWneLBxdljhr0oW8hSg,Fairywood
EFfH4cedMuJVxd9FAvKvjA,Aspinwall
EFTM7Ni31C0ZYaoAJ4DfGA,Ben Avon
Eg4FCWK8MEbqSGoPbWMuaQ,Brookline
EgetrU4qtel4D-yiRNoDhw,Homewood
EGhfelWCDPQSbndU2cARQg,West View
EGj3ZcPRCXwMybCtLLS5_Q,Fairywood
EgKkc6HI17fUCQJDMRRAkQ,West View
EGodkLJNyal5I7aEPk-wrw,Carnegie
eGP2zwh3SdoSDRicMqTsig,Brookline
EgW-kEqxP83MlVl06Qn21g,West View
eh2LK_fQVd7EF7iWn0bS3Q,Brookline
Eh62Dy75XExPDC8BnvGnKg,Avalon
EhA2TS4GNFwdlZZiCUWo4g,Dormont
EHdjrDu9XShAHGkfEHyCAQ,West View
Ehdobv4ZKSYacQgK69xyKQ,Homewood
EhF2SwQlzMuuXYUooFRo9g,Dormont
EhlOUjd2dh52SV_XfoORSA,Dormont
ehtDfDwcOBghAKAjgWlg4Q,West View
EjBT8CEclgzp2djwjmRdGg,West View
EjUAJTdvHl32jpAmV9s3Tg,West View
eN9LTbC9QLvkMcDtKeO9dQ,Dormont
ENcFskQBkRciPCULZrqTzg,Homewood
eooGGpXNczzi60QA1635GA,Fairywood
EoXIkqOI3iIumxRlUhqAcA,West View
EP05pjuysVWn49yezbbusw,Hays
eQllD05SqwlCTPJU-o7WBQ,Overbrook
EQRLqm_pfEgZrSAkYVbBqQ,Fairywood
eQS4GqUh-D4Si-ERVa5IQw,West View
EQYMqU7_xNNQWoAbOTrt1A,Fairywood
ERA5xF-Sr4v0hhG8eWwPnw,Overbrook
esF6vzW_Owwxj3s5I6nlvg,Homestead
EtrZ4fDhhKhs10iQmtKeKA,Dormont
ev4frBEgYDHiNZPcdYAIbA,Fairywood
EVGb5vclXDZTgkWwbrNGYQ,Hays
evWjIBX1XbGHVfs6x3dr0Q,Homewood
eVyEkAUx0BIFf_c1MVeUhw,Dormont
eW6HLU-M3xJOpGyKLrWxUg,Dormont
EWJbWp3oOwDsv4Lo5eZWxw,Point Breeze
EWpRPVSiPxWbdJBgNDNvGw,West View
EXF-imcOSptiuzlirPjljA,Dormont
exSX-Sa63Lh8lLtPCs_tqw,Sewickley
EY6o59A7qnlr1LxWpzdkiw,Aspinwall
F-X6fPKAPSoMShHXznxJfw,West View
F0xDG6OkLSpXAm9RVkWeCA,Carnegie
f1JzDDOige0bmKibRmzbqg,West View
F1klnrZP6Bzkj-90nkdsJA,Ben Avon
F1vdFYr7P4Xb3uAQ2AYgzQ,West View
F2b94rrPSnoOlJtGyCH4oQ,Homewood
f4Fwv8ClqR35p5chZWKSLQ,Hays
F6c3D1o9Z4Tl6cDorb3WgA,West View
f6t5oSrQcQc0JRG_cUVFyQ,Fairywood
F77y-n4Q3Sab0sNTDc1QlQ,Carrick
F7NcXJNEFpXjRGcLL_DgTA,West View
f7_AkJ3TJHfxXJdbK4bNAA,Dormont
F8SewtxenrhWAUEUC8ts4w,Dormont
F8_WdEVmUFTU1pTHBgikIg,Carrick
fa3w_Kz8koTClFot5dKoYw,Point Breeze
FAYfi28nIgjM-Rpf--c7_Q,Homewood
FB33W3bwg3ADcIJOcLLz0w,Brookline
fb5HMxDHxNI7tEcAOTgX3Q,Dormont
fC8Rn7NwpO7BptlnKaju2A,Dormont
fCgKjsLEYI11P7tquOsV3g,Dormont
FcOMDTDtKaucQ-KIjba45g,West View
FdRHqEdH5QIFdWGQ9CcFSw,Carrick
FE135tFrIhxrtAkf6-A1Rw,West View
FeK4mK3KQx7qCNh6WiT9hg,Overbrook
feRo-MqySQJmA-zFbXvLrg,West View
Fe_5iHrEU2w1M6L4MvFWnA,West View
FFdaIgNhf8dJYuVRys0xpQ,West View
ffGcwWPIEP4-Wg4u5VDFBQ,Hays
FFsG1lhnKz3_xyB2LyCXpg,Fairywood
Fg33nsfry4ReqSZTWomEyQ,Fairywood
fg4tWjjvxUxBaMdKa0YAEw,Sewickley
FGL0dGh9450_SEtDNlU3Cg,Aspinwall
FGr4mzwFxZhUaPNV8R4zyA,West View
FhcnZNX9rR7hDxkyG3t1Fw,West View
FhVWR_5arRxtAfX_CPkgng,Fairywood
fIVRnppEVSPK4ZRAXdk9IQ,Carrick
FIxZW5OjfBotUouYzyYSjw,Dormont
FJm4h4vOfb3tEEGC3uMdOQ,West View
FjnSA6TjSlNXwmkZAibIyQ,Fairywood
FJoXrkLaLh76MgHXKdJJFw,Dormont
fjtmOAoiJdMCFFzrkEJESg,Dormont
Fk1F7knItB2d1DTRKPQGNw,West View
FKJ85T_sZdJXVPJjMOWi3Q,Carrick
fKXEC5ni8rbeHkKmhd4Mgg,Brookline
FLgDepmca0JWAiEoX_3bbw,West View
FLLpzuZh6d-UNWWph9M36g,West View
FLmAxYnkZtWybuOmxVgyQA,Dormont
fLUjK5hx3YvfWo3Zny7xpg,Dormont
fMdnlYyN5EMhafyE3dGTFQ,Homewood
fMhfY-noEqFOzebV_QBcqw,West View
fMr9T_YnJ2k-mGo4a9aIQw,Dormont
Fmw0uBCrRVk0qyq8pmZifw,Homestead
FNirg3pUqTPZhfhtLU8OZw,Greentree
fnS6ntPRsyXIlVex9I5BFg,Regent Square
FoRNPqbJvEdAg9ySSpU-hw,Sewickley
FOs4GSD_axsD8mQ1K6PCwA,Aspinwall
fPe3PUECNvd8vhIh5DHmdQ,Carnegie
FR1youGHBIHL4cFWud7mOg,Dormont
FRnzRdfctH-M_j1piS0KoQ,Dormont
frzr45GkGcHNgISNXm3rqA,Hays
FsDogwXYckKUgs5VUoPbJw,Overbrook
FTfpt1nfKCdzd58S-jePVg,Carrick
FtmaL1PO_1iRb7SRueYAzw,Hays
fTNhNmjkNzdaPy3LFAnwvQ,Regent Square
fUB_aqie86DKI2tTAkG72w,Aspinwall
fuMl2Srw4Q6hkW10tm_fKQ,Aspinwall
FuT3Cp-uWLHzMTDi6vnwLQ,Homewood
fVo4uithMrIbNYom48b_fg,Dormont
FvrGtkhtkll5C3iulwAmtw,West View
Fvwpj5He6HS0FTUDuQAAWA,Dormont
Fw9BOyUhk5Ldslh0taa7kg,Homewood
FW9X2oVTA5AmGBH1EBCu2w,Sewickley
FWT5bnR1gTJK77tKL3qyJQ,West View
FxLfqxdYPA6Z85PFKaqLrg,Dormont
fYhZQqiT7_fEyLdABwWung,Dormont
FYozEz_-TLOivGXyXXZMXQ,Sharpsburg
FYR3nVpNvY2X6dBu1Yp-8A,West View
fzL7sTgCYhoSIUpcQ7mrBA,Hays
FZpyIiCAsr7Twkw4tQeqPA,West View
FzvN6d00RNmLSJy2UMKuvA,Dormont
F_IVJ7jtGIHkkFCsEcKVeQ,Fairywood
G-GcMq-iVEENhjG3z1lZhA,Avalon
G-IMm6jmNHtvRJO7VRjxuA,Point Breeze
G2DAzLBRfdPA96wwg-K_Fg,West View
g3iEUbELALvSi5c5yc8auw,Homewood
g43wYxP6otSxER656ytq4A,Homewood
g4gxoDHR2Jf1UYqkrT_TBw,West View
G4tqFGRrwqQt7P_MTrhYBw,West View
g6OnbXvrky8HTtRFWVL_bQ,Fairywood
G7CUY3cFtCPi855fPoF6Cw,Carrick
G8US8CXrbaIiEh3fzdcB4g,Greentree
g92ZTaFOd539a8RqFJ4BLA,Point Breeze
G9QmB3gWMXZ2jiNbhjwyCw,West View
GA2vnY1hyXTIKVXOmkXa5Q,West View
Gabxs-TaEKQMDvd-7Nm4Jw,Homewood
GaErjWbIxxMIQzniXwI9dg,Sewickley
GaEwfSa43cSo2v2CTao9Jg,Fairywood
GaP5KfdlDuNasKgTNR8Saw,Aspinwall
gb0rMm9AxTz0aiERkj2VEg,Dormont
gB7X5o33o6W_rAGgHunSCA,West View
gBastcAQNSlnEAn2r9wYww,Millvale
gc4IkXZ3l7Lcmswcht-_ig,Regent Square
GCQWbcGAnDn4EAwzK5dV8Q,West View
Gd1Nhy6ffYPdXs_E50vKdQ,Dormont
GdB7us2H1YKmLwThnHl7jg,Hays
gdLTcQ9uJu5IM01ZSg3yZQ,Dormont
gecqbUz6uQ8PckqF-J8tFQ,West View
GEpavUjzVf5ATsGYkPu0WA,Dormont
gFAM3DwY0snYGujBmR-xHQ,Sewickley
GFFNWhFNOyxtb3cq0I0sHQ,West View
gg7eXzAw9jHSF4D3rGvXdA,Carrick
gGB6Odj0AnVxPXxWkBRaNA,Dormont
GHElEcq_HF03CGR7yA3LQA,Homewood
GH_GGx54q-U_NZ_A3znakg,Regent Square
GiKgsenJg25-2qBGxsg_hw,Overbrook
GJleIK_8wUevJZrNPWbsgQ,West View
GJNwtxDuPcBVneQRYfMETg,Homewood
gkeGCryFC7z2vlFSDdKH0g,West View
gLbr21y4TKeBybeWCmDXtA,Carrick
Gmm9E09XDh8CxdFwYsoZRg,Dormont
gMYIMk9hpkNKTbdfP0MYRQ,Overbrook
GN8IQJLtDdnGu1S5EerCMw,Brookline
gndb2XMDHYI5OEDvwEKwaQ,Homewood
gNMkHi3V_YZLZihhwYFPCg,Overbrook
gNNrvnHxJvLI76TPzpvkQQ,West View
go623pgRx2nfIpsV4ePHXg,West View
GOIXvr3ffmmPLKIwVnILeg,Overbrook
gomzC2CMt6MD_ykOSGwdDA,West View
gotiJdTgbun2_1_rz6IZnw,Sewickley
gpniU5W8n8mU94yr3pqeVQ,Dormont
gqInaH23JS3s4ymj82eFlg,Carrick
GqiYGtQ3veQGiyDGg16BOw,West View
GQNAAzuOCvXF0tgda3UDow,Carnegie
gRprLvYvNgtHLtk66-Afmg,Point Breeze
grx1z5XwkWstfeyXsOPyNw,Millvale
grx4-Hdpt_OPMSLWZCPbNw,West View
gsd-JY5cSpkYcZT9b0dCdw,Homewood
GsoF7PWisSFWm1k6_zg4sg,Greentree
Gth0McldFHqmVW0gMTSMoQ,West View
GtkxSYxyM6XqcChFuzMjxw,Aspinwall
gU5Za4wT5bdnfJARxmAbjg,Hays
guGPP-3ZsXdLNjtZDnR7tw,West View
guKFU4NvP4mal20ZDjE0kQ,Carnegie
gURBE4EKkytlOMuIqJHG8Q,Millvale
GUriQoD_GHo6DNJlR1_CrA,Aspinwall
GVibYzmbi-UVSO_vqMdu8w,West View
gvmhnxxuS6BrPoIuBYd6dw,Aspinwall
gVMoJGU-v4yqhg47iIbHZg,Emsworth
GW8gSOdXMfbJH_2krfg11w,West View
GWXzIz4UbYvK2D8O5rLL8Q,West View
gXGPxcJ1qU2Mgn8bwh5q2g,Hays
gxLrJ7NDi3SiZtfD-5LvIQ,Hays
gxR0Xckiv12ZirOqEzwtDg,West View
gXzQb8auHnhNxJ9EF2F-tA,Regent Square
gypeQSuD8-09CtzkZSWfxw,Overbrook
gZ1yFqQ4yPXVF69J1b5biA,West View
GznYa0BdWFzJaRFsQqe3cA,Hays
GZw7RqzN-ZPwTL0mQcC4uw,West View
h-1QAwuyFq0lOCMnrTBVHA,Carrick
H-B_JoResY4PyXND1_DQfg,West View
h1QBCIYVqwejbcGZeAjTZw,West View
h3bpqZuXylfkbFNhZxQ2Vw,Point Breeze
h3WGTFwDmvmZAMCG0gEa1g,Aspinwall
h5PKBY4jvOwuyYb5Dtr6jA,Fairywood
H5vlbkJ_8mFI1wCGHO3apg,Sewickley
h5XqYtEmRuQ6yI0IyG6oNQ,Overbrook
H6L2wkwoviYUZBcWPSTJjw,Dormont
h7CdWTQ5Mc4wIjAVIsBXeQ,Carrick
Ha63J58CN0kZfz36T33e2g,Fairywood
haIxbxCipZ48e1SHqurgeQ,West View
hbU9i9ajkai8OnTMxiMThA,Aspinwall
hbYY29onGCq0yux6rFhb9w,Fairywood
hC4GGbGfpp1xfH47fZDDiA,Emsworth
HCgdXR5C8tdJ65ZouxE7lQ,West View
hcryG9RkmK9oCELYLHukiQ,West View
HDMoo6OIY4qIIKWfvbYK_A,Dormont
hDRjIbbseWN7ZSVZy2t2fA,Dormont
hdVCaoubEUQTYDszSyTtig,Dormont
hFecFlLXRbdoCR3E-Eogeg,Crafton Heights
HFr3uQI9h8sTTvGn3xk5Zg,Aspinwall
HGBmtJ-eiLok7sVZUBbIYg,Homewood
hH8ymTeBZKQJRJAwWQ3FCQ,Homewood
HHN3ZAeIFlayqbhjUQY-NQ,Sewickley
hh_Ix0t9xIkHLp0nKsyiAQ,Fairywood
HI3hnT-MeXKdS1eRro4JnA,Fairywood
HidSAIhDmpVf38qriIi4hQ,Homestead
HIU6U6AgilhEWVy6BNE_Og,West View
hjl7geWaviSXqOK4ZBRK5g,Homewood
hJrrbl3_gEJeAwaYGWJldw,West View
HKe1DX7lQClmD-UFt6S2Vw,West View
HMja0LgKco-PcSAdWhyRPA,Dormont
HNbX93hyrua2p6LO4IwdHA,Dormont
hODnmsq1kK6eA0VLbFQOVw,West View
hOMp0FDD3WDztLk6kmZ5Qg,Carnegie
HQfBujqWw-bkZ_QqBm8-mw,West View
HSCQVKRY5NPcSg4i_-ITgQ,West View
hsVjfLehMqpXk7DBmOUJJw,Regent Square
hSZCMPtmGEHu3V_PjiSxGw,Homewood
hUHIahAcew5i39D_6ZqEmQ,Aspinwall
hUhosD725C6nbw9DfiRAxQ,Carrick
huYQUAVhZq3dm-JfI8q_rQ,West View
HUZovVc8erN08q8-Bt7Szw,West View
hWUC3FxAzKRqD310pdxXsQ,Dormont
hZ79bbzGuiU0ThbasNEALQ,West View
hz8mFMIQxQNLKE5rYmg6zQ,West View
hZj2HCiLae5-AxIp0im6lQ,Aspinwall
H_ACXToMTPtZY-RwG3ftgw,Bellevue
i-2OzvZUDtvKCMq1vcRSZg,Regent Square
I-D4qEtJJ4okSLrLKxMMRw,Aspinwall
i0PIIEFSQWHWC9IQXWj-WQ,Fairywood
i0y2jQQGhqjeRBITZGR2Gg,Carnegie
I1bkZZH5EmXQLfyblruZaQ,West View
i2KvYbYQyjoPwUke4lI2-A,Sewickley
i39--wZD6L9hm9Lg90Uziw,Fairywood
I4q_mNQTKVX_EKbVAh8pdQ,Fairywood
i4vK_INir_Jw5hgBI0CKpQ,Fairywood
I59Invd7QgeJu03YDzHsmA,Homewood
I5z8NAbY-fajI7YWvGU8jQ,Aspinwall
i6XvJXtAiKn0uwW1wL8EoQ,Aspinwall
i7CzT5ncBc7Pgt1R6quOqg,Homewood
i851zomQeoY7gbrkFcvM7Q,Aspinwall
I9Hzni6j2MJlBLXPtg-cCQ,Homewood
ia2QAAxIyjpyr99926QrFQ,Homewood
Iabd_rGdOvdpySBeluFs5w,Sewickley
Iaj67sDwd3qD-bQkG46H6Q,West View
ib5h1C7xgmZN47HjfWXPCQ,Dormont
IBGrQ6YUywBp1Hqu9c1LZQ,Fairywood
IBSOhov5GLSZsGzz3ZsQjg,Hays
Ic8AWI2pF49JhFRp7xiDxw,Aspinwall
iCbJ5sAriFTOrDHPQgIqMw,Homewood
IcGucZpc08O2xYQ-F4JdXA,West View
IcHVYlgNGR-Zz8fnceiJ6g,Hays
Idow0ymZ7ptpoeVPwzqOPQ,West View
idxG6PHvRwv1gZd4rU_0CQ,Homewood
iem-ulfY2cmA8ymNtbQGgA,West View
igcGZLhVNNoD5UpwwzTUzg,Brookline
iGdSniCHZXRRvpYu-SD_3A,Homewood
IhbvQcaLJh80JhJA-OPv1w,West View
IhCgS63KdIuQC6I7qZJLzg,Fairywood
ihwrYda7HSdazdJrIsTAgg,Sewickley
ih_bb1SaYvsMYfdykhYh2g,West View
iiS9PQSKnIhb6LxbOAzqEg,Overbrook
ij9rCdpxRcmudG57lGFFvg,West View
iJkKi-5NqRN1PhdI4KqjAQ,Dormont
IJmdmMocPjUncD7_P7zFeQ,West View
ijRCz1YX5Ws2UW_2G0Bz7w,Fairywood
IkDhIjEIzE0a_eP4xWNiZw,West View
illl9cvvlgloor7GrIvwug,Fairywood
ImD9jhFSAXWlTr8EHCwv9Q,Avalon
ImeQQr-P4PJBExMfeEpdAQ,West View
iN05YIebDTnlTz3kfuyfBQ,Dormont
inoMbL0EtSoZ_mfNR9SQYg,Etna
IoLilW1ns-O19vMlsTn_lQ,Fairywood
io_sYEYttk1dUE-SK8PyGg,Fairywood
iP4-v0vRyH673S0lnQYe0Q,West View
iq-J5cPWG1wthRkg3uupZA,Sewickley
iQ1Jdz_4my9xjCeJIA59-Q,Overbrook
iqFOKmdSkWBx3lH_Obya3A,Fairywood
Iqu1TEYQrvdlgHXV2fCk4g,Aspinwall
iR6kEMdNRFc9QZUNTQo5Zg,Sewickley
iR7KBgAHgt1O2acHhfIviw,Aspinwall
IS5M60DX0y7EbjQu3WSAsw,Hays
IsrZkTDRTnH6Jb4ofQIuTQ,West View
ISV73gxoML6y5ECItdr3Aw,Fairywood
iT9KMTR8NqYwSCW-zMUOxw,Aspinwall
iuIkzvQRb4DVWOMhE4GI3g,Fairywood
IvB1rDJlD4N6MyUV-mZ2Jw,Sewickley
iVtZcsxEdkSzOg0QXFvRDg,West View
Iw9Yzc6yBBsGQNSaD9U-Nw,West View
IWY3Bqf6ZSyaCU-wl5pI4A,Aspinwall
iXnOeWl0mmtsAJfwwW2aHQ,Sharpsburg
ixS7WPmm_zKmN9UE2nKIvg,West View
IXt1wLqlpL50aic174gzAA,West View
IzEwU7VoNSt6tbj9zlplpA,West View
i_EWzuDPAEB6agrdOlvMhg,Dormont
J-PO-qnU-Cz_uh7APKDt-g,Homewood
J0UG_QARO4bwYlxfosP2aw,West View
J38n-oFC0V_PUo4qcTxang,Aspinwall
J3yx4QZ6pmLqQvT9J8Fdmw,West View
J4xVLPgWVpFaFovS_WvnqA,West View
J5DBiVMWOcSvE7RrK0J5qA,Dormont
j5TMmDVFNkoq629hS_78Gw,Dormont
j6BfGByroCB585NPUnIHBg,Homewood
j6yOlJ-yHIPGxPMH5WEpNg,West View
J94VRMZKdyOXhHUgEqM6Dg,Homewood
JA2PMsBtqvAg6uKPZuSx5A,Fairywood
jaIommBQnT9H9IhHI9QJDg,Dormont
jAQwIRxZNj2zndM5V9UOpw,Aspinwall
jBKJMUcMuBmHqe5_U7GQ0Q,West View
JCN9wQ5u9wNPcOrqALhUsQ,Fairywood
JCpCmMPrAewW5Tl59L_efQ,East Carnegie
jCTP36Pg2jYMdLgQM_Jt2Q,Homewood
jDehhKtVZa62k32WHbnc2A,West View
JDF6Y7EBs8wf6LuydDIoJA,Fairywood
jemRU9DvmS0WGZuZ-k3jCQ,Dormont
jeOll8b1paa_9JDyOi-kXw,Dormont
JetIYkfGQ4a3WQmiH_a92w,Fairywood
JF0iwM77Ee0-2jLhr4suLg,Dormont
JFLhQnQDcjnmSJG_eZ6TIw,Fairywood
jFs8pmCWB6n0LWzddOwI1g,Aspinwall
jFUD1nx7eet2h5jGEe1DBQ,Brookline
jf_N8zWp30usaMLXdJs9Jg,West View
jGeUFcor9K_RlBkZQkp6dg,West View
jHgG5gi0AUJd-6d5TAZhnw,West View
jhP9rUsV-KvgHu1n--7Q3w,West View
JIJz1wcUbFETJUrvm8HrlA,West View
JJi7c7uiTzCqeWNTsldgXQ,Dormont
jjk_7-_g-FriMISua3KndQ,Hays
JJV1sSTQUni18rLn6TcsFA,West View
jLyxpTENxQ3LYwiLA9KS4g,East Carnegie
JMPfsWI41MrEZXoq7JsoVg,West View
Jn2TpzqoCbCHfwfoA8Sjsw,West View
jn4cKLGQ5wJ-bYpNsZrkRg,Fairywood
jP4aIHwJwpkKy-V3nG8f6w,West View
jp4yBlO7Gwda9MomamdTyQ,Regent Square
jpcNlUthmvO5FKavaXFrug,Etna
JPQYVN6IP82v8sDhBrMpkg,Fairywood
jQ6OvFP4ydnqPmfZVB0RJA,West View
jqBUVAWJRJ6QIGXVuhdVvw,Fairywood
JrEEn-KvqX_B2KM3FF1FDg,Aspinwall
JrzXkznZGtZhJR5toX8oQA,Dormont
JSW0oseEWD0rszOIdmkaZQ,West View
jTFq_9_eOTwLxI0h6qEtFQ,West View
ju3wDAy8lWNAgS6rgsHmNA,Fairywood
jU7nm1w3CT7qfwqR83EbvA,Dormont
jUatA3vF7cOA45mVxDIuWA,Fairywood
jUxLgiiYKnsM238eUZUqlA,West View
jU_G3GHDlu2cDMTqIV0inQ,Fairywood
JVLruVrTdttEqliiDUuRbQ,West View
jVt3jU-tk_kqZ_OVjfMUOQ,Etna
jwoEWuiXruWHUSB8DeesKA,Fairywood
jXClp4cVvwkG-wleSE-dnw,West View
JY3SomRNpdDZqgc2XrLPEA,Carnegie
jY6G9fiCM-Vo9z1uK1dQDQ,Etna
JyCBHRkpw9ca34gEiBIgNA,West View
jYzQxCU6ppjSO462xZ50FA,Carrick
jz4jg_OTw32IMr_sXFwj9Q,West View
jZARZjPedelwxgCmVRgBQg,Fairywood
JzB7NITHQ7gVHGVZ1ntgIQ,Aspinwall
K-EpTR4gltJvda844Eu_-w,Fairywood
K-SsrPH0nFExdpLrTo1X1w,Fairywood
K-_ywMPESAZkDLVykxVFYA,West View
k0-MzD-xoRsobWqIzPiqsg,Carrick
K04Pbn_5-xNidh0-xkI9vw,Fairywood
K0dp91jd_vqW4uNgvW6oag,West View
k0oEwE31kjx8r5G0OqyP_A,Carrick
K2RRY67q6o1cDyDDCxtEVA,Fairywood
k2yn9y-14zFOwc3eaTqFDg,Dormont
Ka009dSfdEggnbYpPYrT0g,West View
kbBULFfiYks8WekyZBfqLg,Regent Square
KBBXaD0FXDTpFuTuSJ6yHA,Homewood
kbq9QlIprqKpIWXZEXtGSA,Homewood
kc0ET8Yt0vu6ihs5UVSTLw,Carrick
kcoz23DLEYM0iI6BR7STkA,Hays
Kd2e0VcU1QQlGMZcaqlpHw,Sewickley
kDqgPRL75KG4lBxJsYUJlw,Regent Square
KEaCHdsY7w7CBsZ6h2dLeQ,Regent Square
keJOgdHUWFm2d08qFk3QsA,Aspinwall
KFcYZCURuIxTNhTzOiO4sQ,West View
KFJ5bpfde-JDGznX51V3cA,Homewood
kfmvbmTIlkNpdWcHS5f1OA,Dormont
kfSruEib4pDAflIVuh0bLw,Fairywood
kft0sePpn5lKii3LVJ48hg,Point Breeze
Kga0GD-FhVohM1vLnpeKvQ,West View
kGGsHP9mfcxtofiswy7ItQ,Greentree
KHcv9NDg6kKqgp5bUtyNBg,Dormont
khRo2a5OaIjumox-tkg3GA,Regent Square
kHshXdiw6VhM89arTnENqw,West View
khSsfe3MUunPsJowDEuFvg,West View
kHX6g3pZeIlTcxwEIAieoA,West View
ki90N0JLGV64i-04URlhyw,West View
KirjgsehrcOzACQRWM_WuQ,Homewood
KJyfqBOCdLifM7Tk31o3Ng,Point Breeze
kJZbI8Va6Lvr7JRmf6u2FA,Dormont
kKTmF-zOqHemgDDem9_0DQ,West View
kL5LI_GYZJkkP73wl0Qtlw,Carrick
KlmsNi7qiQgC6yznyA0M0g,West View
kM6QKCdQzqZYzl5reaPiSw,Carnegie
KmmVbl113DY-lsuZgVKexA,West View
kmq0Y15icHK36kpJyho_Zw,West View
kmZRhzng4nlH0cXAjJI2qw,Carrick
knD6oghbtDZTqpU1rCwJYQ,Carnegie
KNvqTNhpCq7Sshqzykx9QQ,Carnegie
kolFb44M7k9c0-tZL2D_Cg,Hays
kpC2FfWvH9UsIR6PWPkffA,Regent Square
KpZVjFlpUFbacJHRTNS84Q,Fairywood
KqZRO_ZdCQ40fGrMsUow7Q,Overbrook
Kr5FMAmQr81G11NHxznuRQ,Fairywood
Krm9dSjhfmNH5LlhOKGPYg,Dormont
kSoRnYxuJdUoLQP-vdhXQg,Aspinwall
KTPRYqiFdLowAUEAnN7e3g,Aspinwall
KtSSXkYyn9ckJPmIlycFMA,Homewood
KtTZHVDu2dEn-_qne4ZGAw,Hays
KTuop99F-mrV5_1haXClbQ,Overbrook
kTzHSQpa3NcL6s_83R4pAg,West View
KuXiLCM_wNHUZY2UAEzhgA,Point Breeze
kVt6QIjsZ412GP94koBmAQ,Aspinwall
Kw4SwD6FUB_Nm5qoi_as8g,Regent Square
kXQ-2qdPgv1YSqjCsDYPsw,Fairywood
kyS7_vA_kNIluBQDOyWfIw,Dormont
kzbH1_l7VTSfFFcwTqY6vA,Greentree
KZH0ceYeLm_NLj6ZrbfEcQ,West View
KZMbjBhSXTZ09i9FaDH7HQ,West View
L0d7r2zvjIaGCaj8fxJFRA,Fairywood
L0lccuP56teHMygRD4BqIA,Fairywood
L1Mb8BRkj69o74YEryCHNA,West View
l2FDSzWlucjfpDvHlBllDg,Aspinwall
l8IqBeFXK3dqFEs7YL3ukg,Dormont
lAN5WEQn5SwKEmUIqddysg,West View
LaRDgOcsS0A4CvfwKkX3lw,Aspinwall
LAXvmv02hGy1TuSVCo3Www,Sewickley
lBj-NFY7piJjD-zmOoBeyw,Dormont
LdJljAqDu3UcIZldHcvJSQ,West View
lDp4MbyQEj4-5kSM-4zRFA,Regent Square
LDV8KfXkp0K8UZkEq4EV4Q,West View
lE68i-3i1UvIEO7mW2vbJA,West View
leG7stzwTdc37b8Ma1TEeA,Dormont
LEgVcgFe5CeernV3tADshg,West View
lH4NsIYCiHoLxEZvb4I2fg,Dormont
lHHkKk2RPyQMyCJo0O_Pow,Regent Square
LJASU3kA0hQAJsL4IwFlXQ,Hays
ljmHt0bGjGfxBUa5Ugifjw,Fairywood
lJqXFy85dCmKmlW6Z34Reg,Greentree
lK5apgGrWJkB1awSL5twkw,Carrick
LkcGDfznt-QzjL22fO3F4Q,West View
lLAifGVomWrO9yMSkBicNQ,West View
lLhK23e7sX4cTqvzIJvRig,West View
lmADOJyc_knDsw87u8_jTw,Dormont
lmlXBXqRLWmBRvzSFIGL3g,Point Breeze
lmSKv80gmyCpXtgXQ0AfbQ,Dormont
lMx29wnA8FxJMcDoME_VoQ,Fairywood
lnobBrM_gdcvltpABj7qjA,Homewood
lNpPGgM96nPIYM1shxciHg,Emsworth
lNtKm5FelrjOxyjq9Kv0jA,Overbrook
lo-GEcfXVGrDSDLtR5gI5w,Regent Square
LOeVGnlOti05f86ZZbgY7Q,Brookline
LotwXDcHQmt4usltEvw_PQ,West View
lpiGBGONjJzdmmU_3Ela7w,Aspinwall
LpmZPJ35cki7QSN5Sk-RgQ,Etna
lrWEpfID45MvNTw1z5bCJA,Overbrook
LS4qdaBXNj7Q79nuMNaZ9w,Millvale
ls9yHpiI4Je3gm9W4BejLw,West View
lsnOT4uJlYsQPOL8B4Xu4Q,Fairywood
lSXICOY3Z0cumuwpJEco0A,Fairywood
LTF14u6dfIyJQ41P-FooiA,Carrick
LTPcaw-_IqOfTSDxe8811A,Dormont
LU5Z7lNl9vj7yzk1Iu7b5Q,West View
lUUsFmM8_QcM5m8oujzCAg,West View
LVfnCtdNMbDWGVcLHmijGA,West View
lvZRBGAldm1z-ri3OgW--A,Dormont
Lw2vlPixPe72lDp9Cx6GoA,Carrick
LwsGolUPGcTP_SlfQroUyA,Carrick
LX8ldjJWAVtNXfKxF7QEGQ,West View
LXrSnbUlEnw_fI7A2Dpp9Q,West View
lxWvRO5jS-xtzdiulfweKA,Fairywood
LyFv6E91u8JK2IA8CmzqWg,Homewood
lyLuuCdKPDpjVtIQG9_phw,West View
LyNer6BQv1-nngfQnwDOsA,Fairywood
L_ibZRB6OAQCnQuA3jluyQ,Dormont
M-6hiAg7Op2fIdm-skvA1Q,Dormont
M-P129OlcSg_mxf8fK9ZWA,Fairywood
M0ZcCq9rmpj7hc8N81JKdg,Fairywood
m1IqfCdWw0Yd1euC8cZgSA,Hays
M2mw4Ltvgo2cf13SLcj1NA,Homewood
m30C0M0v4c7L_K3dBXOmOw,Fairywood
m45zfHvLT8ZBzLij5yy_4g,Sewickley
m4xRv6bsFv9pwpDWzlnIDw,Homewood
M4Y5AZ2asAPnqK8ev0Vr1g,Dormont
M5Dc39uXDsFzcAGl_ijDzw,Regent Square
m5MaRXA1rNX1n1Kbr8-Sog,Regent Square
M6MiFQqy9f2a1EI3x05pmg,Dormont
m6TlFoAaIWehbeY_XWJFAQ,Homewood
M7O_XMe0eWPMQyjPe_KY_A,Fairywood
M8UHKKHpJHd7AUiMTHGrOw,Aspinwall
m97IAdTNu9qoHsVJn2A5ug,Carrick
ma4mL39JPqcpaZUHigf3hw,West View
maHtr9rHWX-3fn6o6c1Mog,Carrick
mdKSq2mfp1M8tfbjmbyv4Q,Aspinwall
MdR6htOIm-LF051qUCKmGg,Fairywood
mEmuTeIOtUnI-Hcdr3dewg,Sewickley
Mf1tLeJhoab7fN2r7rGB7g,West View
MFaerBsWIA2du9kHGeKDeA,Fairywood
MfgewgMdqCx_JWk--6PgfA,West View
mfJL_7-8OXHR-d5UTYi3pQ,South Side
MGIgSvpT89CnKZF8n5TROg,Fairywood
mgUStR-yCayCIRxBOGo1hQ,Dormont
MH9tsT3WpGD6-ejDtGoVDg,Homewood
Mhi4K-ZgrXNx2HJC_CyWAA,West View
MI9Z9qKiZ1wECH6g20MpMw,Carnegie
miBmI8aQuw1uXoeWX4u1yw,West View
mILLgPTWueUh6CJOwLGdDA,Fairywood
MiqI3DMf48AJQbfoG6fTRA,Fairywood
MjOFnVxoKeOikgBGTZ-UcA,West View
MkLlb2944GtK07wy9u_wbA,Carrick
MKmxhIHTdJduU0FFMRdfqA,Carnegie
mLatlnAXwzXz6lFH9fwD8A,Dormont
mLL93e2QR6peIiv1_Esq2w,Sewickley
mMAVfWncjqX8FVj_c50hJw,Overbrook
MNmQ1s-zdjEgm3bdRs7iEw,Homewood
MNrM4X_yYNGoqggBG_sG1g,Sewickley
MnzKwqVOURQkXRLzF7DGPA,Fairywood
mOD--Ho62nzs5eZ11sdWhg,Fairywood
moKGjFnMQYtfQkkSAL_uPg,Fairywood
MOyQTjCrtNpCiElnCan6mw,Homewood
mPR5tFpraetedNPDACwn4A,Aspinwall
Ms2-0vZ0rkjqhpML0Tow1Q,Carnegie
ms5PkuOnLUrjEZqh7v9INw,Regent Square
mseBBgYcqyv6T1sfrXI-XQ,Carrick
MSXEXHQ4wtTFgOtzD8pmWg,West View
MU4MBGSA9M5B6Ez2-uvLoA,Fairywood
Mu4RYS7M0iGpkQ8bgzsEqw,Homewood
MU8xA_S8gqobnDq8d2nsQg,Fairywood
muF7FoYcwSkvfhBO-wJxaw,Fairywood
murlFlbYLYQLM8umT4anZQ,West View
mVhB8DAfuldGOzw6yWA-2Q,Fairywood
mweMYUxCsIZUtHVJa_4Z5w,Overbrook
MwsGayIlUkXQ46mkmV3jlA,Homewood
mWYk4aQN9vxZfQBrTA_aDg,Hays
mx842y7Jy06Fqt692YtsCg,Sewickley
MXAoN2ty9qAgZ81Xou5VgA,Dormont
MxaZTse9M5oEGUEsT2CdaQ,West View
MxPMyAg3pRNbEG_AYKWuhA,Fairywood
mXS1oNaLd2mHJ9lsReOF_A,Aspinwall
mydwaZMBCfXnaGjczwAVgg,Sewickley
myJKusJSWeNT6XGm9nBO8A,Regent Square
mYkN_n_sthTZf1K8fU2w_Q,Dormont
mYxBkLITB0xhGH2LutxlRg,Emsworth
mZa2V9D6h5FTnOuoEtCdmg,West End
m_ndkvs1M7mQOfPOfO_yxw,West View
N-COeLWbWoWNlDkFt0EeGw,West View
N0GEvmda64Um_gYjxjlq4g,Regent Square
n2SBZB072HMnJ37J1Szjig,Dormont
N2xPE7Mv_VgSwEyvvOYPAw,Aspinwall
N3cvGSN44dONNKew_yECxg,Dormont
N6AgX1Flfv6Gxrgmb0JwAQ,West View
N9JASBwB9kWtK0_EjTa1nw,Fairywood
n9zan4iJOl9C178bauqHOg,Regent Square
naVexKHJg-po1mypOaE36g,West View
nAwEcD3PJtQbx-mLlPd8GA,Aspinwall
NbEI-3hWnOcRNRJ6qIktTQ,Homewood
NbiD4QjaOp7IPbH-xL55zA,Hays
NBiM6UsI5qOhwoLFNGJvFA,Carrick
NbkDsQhfK13ATV79TI4OQg,West View
nbsjdiUunohQX1JAxsqpMw,West View
NbT7iIVr8rz6tglE7tYTAg,Regent Square
NcCl0Awt7dF6PZmFHXWGNw,Point Breeze
NfbmsDYYhfYwjoByqUzhHw,Sewickley
nfJHNu_AQXptaTQIHjpAoQ,Fairywood
NGcT7QCrESx851i-NSsccA,Fairywood
ni1jWBn-fU_kKXj77YUpXw,Avalon
NidlgmdD2h-5bam_s8Rg3A,Sewickley
nj4izgDoJOqTpTlQtZGDvA,Homewood
nJaMCEBFOkQgfvb9L_LP6A,Dormont
njdz0sOFfsawcBi6jpKNhA,West View
nJvUlpx9ODF2e1MszNYY3g,Sewickley
nKtzNATLJ07ThHnvfu6GfQ,West View
nKUohp6mCtnZl1ZoNvySkw,Etna
NLemG07ml_MHltQeg92Zkg,West View
nmcsWStNJgZ9n1byMqoV9A,West View
nMgu0RVk60a5VFeOimm61A,Fairywood
nMUSAPBxlvR8PBPDEsV52g,Dormont
NmyOdRlhDBaYzkFAJxWJgg,Greentree
nn4DZsrwjtp2mFlpYbP-dg,Regent Square
Nnk_wgixjsLBhoyoteejFA,West View
nO0ztd_xcPaveDP7twdZTw,Carrick
nOkZYXKrwHRc9a0puw1Amw,Regent Square
noLGRXHgtDCxeaHTWgIlnw,Millvale
npmZLYeNUrniHvXsnqsQ0w,Brookline
npsdZ2QmIpVXObkM48_fAw,West View
NQHDN1JzG-heuyrSkT9R9w,Homewood
NQU2wUm7oe0EDFy_TaFJJg,Dormont
NqVdH_uJB9QIHthJbrXAxg,Fairywood
NQVN36xOZ3SgX8ejR55kDA,West View
NqYbcKMSe_WmEoj07Ke4zA,Greentree
Nrt_UkJQKg4iwk4KsgztWA,Aspinwall
NSBiCz9CRowb6uwpC3vZrQ,Sewickley
ntUwif3Pcru_OATV7XWYbQ,Homewood
ntxi-hG9qbJwC24EbhT5jA,West View
Nu8xtxng4PKFQV1CBLeHgA,West View
nuMmehPFS5kI1_C9bBlK5A,Dormont
NWNBBz0U0xD2D_ABbvqbUg,Carnegie
Nwp7eA4Rl0ueEmkra08JEg,West View
Nx5RAT-7gDz2C5Kh2WwJPQ,Hays
nxdd9sN7Fi58c_h3iKDyJg,Homewood
NxFuteLIIgD96vLSowo-3w,Homewood
NXG2mhkFr_1AsRAvgJcT7Q,Carrick
NY-dJnxsSHIIcUSbI2dbjw,Carrick
NYXO1r4ltvMaxCTIZK_MtQ,Dormont
nZ1iFJukz7PFYB6TYeycjA,Homewood
nZDIrGshkfLZf6ImQtAasQ,Dormont
NztyCglNuL88hxU9aUd5xA,West View
n_h6IE9-5bST-YWIrg_Dlw,Regent Square
n_wYWjudsOXtm2YUHW-Ufg,West View
O0rNEXexL1Z9xZHV5QJsng,West View
o1TLn68IF_RvhME1sTOMjQ,Fairywood
o1ZAzn5IZOLUhpEg2_rK6Q,Greentree
O4-yHHUYMYaiOVsgg8ImUw,Overbrook
o6UJLrSQGZzUSsfCxVQryA,Windgap
o75ipeJO4E0Pfvq39jwcQg,Greentree
oaTbZh8B-IVFEwbzJcIOBg,Homewood
OBmBMG5bUADvibgbxmVfLg,Overbrook
OC0bM6UZpK-yB80hMBeDEA,Brookline
OC1bvLkPmO5HZez-wVZY5A,West View
oc62I4Man0_QU--mTm7msg,Aspinwall
OD4MbiQUkMy4vkRyzTK1zw,Homewood
ODhngitoIH2g37TWtNaxpw,West View
ODIGLVb1FkessrUsBiIheA,West View
OeJU1URt8oyhGfTNc290DA,Dormont
oEZx-WB4mAk8VQBIyj9xMQ,Dormont
of-a3UqUN5iz-ttBf0knig,Fairywood
OFT4gaCiwQFITpPLVtBvKQ,Etna
og04KLFbOsvu7vTy-uchTA,Fairywood
ohHDnTYRjHfp8yCjqT88UQ,Fairywood
ohkd4oHpIrvue5nWBPMSMg,Fairywood
OhP1Yy821c6itrUG9oiXbQ,Fairywood
OhTsSYXoD4Poc14JrjIhBw,West View
OilEPAtX7zOz3yfzJKjTJw,West View
OIUEWDIt3NPtDLPTH8oUwA,Fairywood
ojbMdPNtc9ikvCh6Wqh1Vw,Dormont
oJZCuYpLobVGoYR0JdT-Iw,Aspinwall
okB0U2x7jeZxbFSrvALxOA,Homewood
OL2CVqjotlVjVQoaL5LFOw,West View
olG3GXz77cxM4EkICmZZ9g,West View
On6ZTEcWoZUu2wetADq5bA,Aspinwall
oNZ1f4FVTaeDG5kGk5qX3A,Sheraden
oobv4CHcrM3m3wxTvoiQJw,Homewood
OOi9jdnEjZj0zJz8xT2LFw,Fairywood
oopfFjmzxgkDB0tt160nkg,Aspinwall
OPcGFLP_mRt9yvgP3ALXOQ,Dormont
OpoA5j5ohq8UqXpsyAXxpw,West View
OQ-d7NRbLVSeNitG3WZQQQ,Regent Square
oQ8pVck8supAH-nDnkYdOg,Sewickley
oROpgjTgRMQvRtpZxi_XIA,Avalon
orxSu4nzmxatxqcWsQaN2A,Fairywood
oStZkgyXNfTeCcJy02-GTA,Millvale
oT8j7eMJsIVJpi5kv4Alyw,Strip District
oThEv_zXRR8OySXFnu0ftA,Sewickley
OTMawg0Jz6DzuWe7yOhgLw,Point Breeze
OTQX2KUbgVFrAVP9nMDRzA,Homewood
OTSQq4ycH4NNhWIHcjnGaw,Regent Square
OtXY4iRnA5M1g1L0hifEbA,Fairywood
OU-Zbl4jPyKNxDI6FI3vUA,West View
oU85qrzI4m65PLqfhiSYEA,Dormont
oUaKaYklKsM-mWFRzfH_ig,West View
OVcEKE97K2l3glHZ9YPgNA,Fairywood
OvLLFRhZMOC4JemL-Rte8Q,Dormont
OwhhoAC_kExe5ZoNLG3qMw,Dormont
Owly3K6EO28McXYxXHIYIg,West View
owO2UkNKk9qrWWd_PTYLDA,Carrick
OWP_wqhgekrCdE_iR5EuLg,Aspinwall
ox37ZRdYWDQdOHt-6o8uDg,West View
oxb73l504iA68bWdHqymHQ,Greentree
OXrFWgoz533T8tMRemkiww,Dormont
OXZ8_zhvXxEy9B8KWJRwlQ,Dormont
OzG3vfUfLJF6dNLJe1_h4A,Dormont
ozpU3iVUBbEFePwxSKfYAw,Fairywood
P034NqfS_1sf-pC51170Kg,Dormont
p1xzg2pll2qC84K3OmLIlw,Carrick
P3Dy7GF1Sw8RrW1Dd9ZVjA,West View
P3LisOj7DktgGa7C5FYpnA,West View
p6Zzn377J7hSOACTb2EXkw,Dormont
P70-TaPu7oYkIg0wPak4xg,West View
p8YfL6Vu248j8pFo4HEh5g,Sewickley
PAg12EPmtU0o3J16--CVFw,Emsworth
PBnzX3BwS8dtIEjaKbaRUg,Emsworth
pBSIzR0uR2LSs4ZrvIOrMw,West View
PC6G40NLDaAyFFEXRibX0A,West View
Pccg1shSg7RQAXedGHft1Q,West View
pClgviXMKCnJyFMKWA8cew,Fairywood
pctgz0-aQh6fdUF-vKaChA,Homewood
PdDpIGwBZoTYzOVasT-WuA,West View
PdKoeg9Rh_1BefgUXTDIbg,Hays
PeATTp15Y_ExaN6mR1dmKw,Fairywood
pEjXieTk_BuogUhuBTIn6w,Point Breeze
PF8HqToO6An0mH6odFoCEw,Dormont
pfGQETYmlKN0KVF_0N1DZA,Sewickley
PFMoveDt_J4SZ1Vccy_z1Q,West View
PfWICSDacktzZziho4ubYA,Sewickley
ph0qLg2Wn8fBpwoW9-4heA,Regent Square
PhnfLfqUi0hYbdMVbpgsIQ,Greentree
PhOHktnhdZc6uqF90Gstmw,Dormont
pHSHm72bwR09Mt022CVvrw,West View
phxyADEdO9qOZmlotyXn-A,Dormont
PIfqmSxZyjr9AGMuAbNBbw,Dormont
PiGi1lJaTx_ZJ69-SroqSQ,Homewood
PIiVJJ4mgiltU-u6Byn2_w,Hays
PJ-l-Le8_I4nPomX18M2AQ,Fairywood
PJ2NaQ3AP5XW568kt7BEHQ,Homestead
PJyOcVCL07PTh-h7EwnaVg,Strip District
pKC_Nxvc2gk_ovj9MJ8cSQ,West View
PKnJO6iXVuZrH8QwWTm40w,Dormont
plVNsuEoVz8XA2ABADBjsw,West View
pmePpiiObQzWZfgWV2POoQ,Regent Square
pN9FtkDmlafRi8kUDUnN8w,Fairywood
PnT6cgNSeqYMgmE9OMCl4g,Fairywood
pOobG4bVsEv3rTGpPqCqgA,Dormont
poQbPu-sY9UKuDR7ZQMiAA,Dormont
Pq-26piakLfJymJc5ZHTQw,Aspinwall
PQjilhovaC_IwvXAqIMnuQ,West View
pRfIJ6zurjEsWmJheDOP6A,Hays
prWSGYlj67ZudZupC92Dlg,Carrick
pS2GU3-eL3ACM8vXpZ8C1g,Carnegie
pSAoDrxX7Q5VRe-7gpDpOw,Overbrook
pSNiIBwiainTZaCbFKgYTQ,Aspinwall
psPIP9DFPRl8wC625y0vAA,Fairywood
PSRIXaqwFc2yYc-cxjADBA,Homewood
PSrlSNz_wjGeSy_p8m62XA,Dormont
pTeAY4xq8OtUcYG_drxj_Q,Dormont
ptpCiD2S24KhGxcpLQSR0Q,West View
PUKoXYNHMtV4KlLKZA5AFw,Regent Square
pvM3obZI5AAal3H4mykHLg,Greentree
PvtAsnMf-oeNmkvdwRmEpw,Carrick
pVx6DHah5GgEPNOioUZlKQ,Sewickley
pVZdH35B95NKyXNA9rnW0w,Dormont
pWgPZHdbCgPbZ0U2wgx0OA,Dormont
pWJoOfYUWSkro0WNxHspFg,Carnegie
pXWdpDZ2t3tKmmWbjy5TMw,Homewood
pydh2QrzGMR4DpWGr1JxPw,West View
pYluNd5iBteUGUEbd4i_iQ,West View
PZjFBlPR4KoHU7DnpLt86g,Carrick
pzKdQnjQUtMGLgPW6Fxr_Q,Homewood
pzK_QvFj734swtpFyR2qhg,Aspinwall
pZLOwjgfDmoOcZJAta7aFA,Dormont
p_n0vNG6ymUd_LziITovGQ,Greentree
Q-HphDiGP561Iw2AzsPB5A,West View
Q-iLHwtE5zLOBfha7LNz5g,Dormont
Q2c0lgmYMk-SV9kvn5WGWw,West View
q2pekSJgbWFZZ_PXpgohyQ,Carnegie
q2y2K9RwT954oQGgeNAu1w,Carrick
Q3gg2d_E08yFFuJyBc3CdQ,Homewood
q3KkavNYpcsgbdfeImYzKw,Sewickley
q3WM390QvPS-ncZkj2oQlQ,Homewood
Q3zZTpHQBSbiPq2lLaTtgw,Homewood
Q4NIFuOFowxoA0o15OBjwQ,Carrick
q4YoWcf-sLLS66lkTrSysQ,Dormont
q4_dkVlS4KEAJOEJlNv5Pg,Sewickley
Q5frcnHllL_Wa-De2_-7QQ,West View
q5HEtAh6eDT6ePO_UHjoeg,Dormont
q5YO_KNZ7TF7PSrxSd-Kog,Homewood
Q5ZxzCAWf4kOVDrvVGRKrw,West View
q6BzQz426uH6rB7bmZvexQ,Aspinwall
Q8tTVs1pTC27iYmOBkdPXw,West View
qa6aqyXmFsOMLt___P6wLQ,Point Breeze
QaFhHwtJf64AZIzqAujFxw,Fairywood
qAzOcHnWerREl678su-p0A,Dormont
QB-AldWwJTLpmC2MEVBYPA,Dormont
qC7ATMm1D0Y0-G2dxwMYmw,Carrick
qc8MIZVOQkZ2VvnUs64Brw,Dormont
Qcpoi6EL1ZLytdCzV4mAmA,Dormont
qCq3JGKYMFq4dqFjtuF7DQ,Overbrook
QcxB4grIr-bLSqqydTV6Ag,Millvale
qdbnLCJkK98J3W79T7F_gQ,West View
qdF96sZaEj-myXoCGixztw,Carrick
QEBS_iXJeUvZEP-tvoGAkg,West View
qfBp53c7Z2DpqUrGhV80zg,Regent Square
qfFKhuTFNE0KBCpb5ODK5w,Dormont
qfhcBqmuFXGkqCo_9C1cjQ,Dormont
qFwPhiDWAa_gjYwz3lQdtQ,West View
QFzNhlm2fpX_Eqm-uczLzg,Aspinwall
qG9-_ypdkaRPNo-ZOo4R9w,Millvale
QheSR5U011UXdAkt843Aig,West View
QhwaGi1niDeVEHMRtQtvgQ,Fairywood
QI0PGXbGkIdInOOBeq6ieQ,West View
Qi1qgOK08Coi6gtQiiNlWA,West View
Qi2vOSs7AIeen_zrWt6WDA,Fairywood
QIahrchu9mUW8DGZla8c7w,West View
qihqxBCgXOPf2c-QxaFibA,Fairywood
QImq3SdlFe__1cWMcYBYDg,Dormont
qIyj7PNUSA1B6_rOkc8nIQ,Emsworth
qjJcAz5WsRdcZWa4eEOE3Q,West View
QjrlhT1f6awH3gE8vAcTXw,Sewickley
qjWiqyYCiEUnmb16TlDIyQ,West View
QKVCm-Cv-fFVVNAq2vwaDg,Dormont
Ql2hpMheH6B6JOb_Y08RtQ,Hays
qlo7bxm_q3XEuNP7u0ycFg,Etna
Qm7EOZm8XBVLqMMBK-RAXQ,Overbrook
Qmx1rFrQHpcYT6XPNgv0zQ,West View
QNcv3mwnHJ5w4YB4giqkWw,Greentree
QNn3lvwCBwNcQFPbjAtgdQ,Overbrook
Qnspfy4Id5Vyd64FDQ9nxw,Carrick
qntawxFyIXM-BMJSJfcVYQ,Carrick
qNW7COeY65edtGU98xkQNg,Aspinwall
qoAkBunInpsZS9pEFsai-w,West View
qp2w33VUdAJv7P-M9fmhuQ,Etna
qpa8Y4VAMQKh8P5zqC5Y4g,Dormont
Qpd7QGxSV6_uk9JvdSJPBA,Carnegie
qpfbMbWB_ROqe35MIO_amw,West View
QpLQEZf-nJ7eQ-Dyxvgp-g,Hays
QpUimi69-2Afq_VJjKSlyw,Dormont
qPwECfhVNXHKh3cnOsX4-Q,West View
QQMHSov0KBlBSfb7PXOcXg,Fairywood
qQP9A2NLe7u49DDQvhX7Qw,Fairywood
QQwi0pydXZu8XCD1teIp0Q,Aspinwall
QRxcIknwPV692ni_DDWEzA,Sewickley
Qs5fQqmc_yWmgZjHcadU7g,Regent Square
Qs7X8UTwtp9SvtxvEP4hLg,Aspinwall
QT4ax7JkGZma8oMy5j8t2w,Dormont
qThJY-H6Fo8HvfdIvwrjiw,West View
QtiW05WWmBv8MSpGymhcsQ,Overbrook
qU045ONj2BzAhnagC3hozg,Point Breeze
Qucr1f0kyXy0W5zU5AdQBA,West View
qUqyi82OLmG3VMNMAxf9kw,Sewickley
qUraZNprg0Vk4PmjaPQREQ,Hays
QV2ynX_tKdZj35SVLLDebg,Homewood
qvqR1MDPkt3NLAjwfRAxhw,West View
qvwf01a-p26UBkrE5k-gDg,Point Breeze
qXD46DuRO5AaSmdwKDB0ug,Dormont
qXItwbCy10dwcrPNPEIGxw,Dormont
QXR-YnHgV0qDyuUTckYeGw,Fairywood
QxRKQ_Lzu4lMOejwVgcdAg,West View
qY3ziCRiekzShJMROicIlQ,Fairywood
QYt6hKIEkwaBtIaemaZAsQ,Dormont
Qz9-fpNz3ytqzCLvFcQhkg,West View
QZb3x4zziMHH7mjWqu79KQ,Hays
qZDGwymsFYJDsqcriF4rvw,West View
qZrxUBythgmmPMvikloWgg,West View
QZx8vWP9FiojherUMB9VuA,Dormont
r0PCnXt0lv87aawDTlY5Rg,West View
R18uhKTc3p6rPcYVwlH8jw,Hays
R1r4MkEQDJSdZUxEDcIG5w,Dormont
R2oTFgwyurdx8fmZh7uAGg,West View
r2UzW3YrmpxxkpTOuqOdJA,West View
r4oZXbUd8utr3O3Us3bG_A,Point Breeze
r6YlsmM53fDwbRNlNl-OUQ,Aspinwall
R6zuMBoksiVMtl1Dc_Frzg,Dormont
R7eLlAdeIYsxux_Vm0l5sg,Dormont
R9CchocEBGh5vPCBuMVMNQ,Emsworth
RAXnDEpXmE_32NpR88LccQ,West View
rB3ekMqnE8gf9bQDfa3ocw,Fairywood
Rb6HkgWHI80hZhNDZ7Wp9g,Hays
RBiJRcNC7NoDf-XYMFrCBg,Millvale
rBK521JFkTydG4qvALLHUQ,Dormont
RBwAfKwvWcZ8NY7zKbzYHg,West View
rbZ4AHL1LV8KGW9NDGbI9w,Homewood
Rc0uocoxDpd4TefcHw_X2g,Fairywood
RC676YqyW2DCf9HhF1dPOQ,West View
rc9SfYli96cnlPDMyJ7hyA,West View
Rcc2zK76CsRhQSAXCQusDQ,Dormont
rDbOHGcLIlNmhFcp7UdsGQ,Avalon
rDSw_6HEAsF6wmcUF6ZZkA,Hays
rdusmw5BzRHBgKglyGvUVg,Fairywood
REfM-TpPnDSpgAMB_puQbw,Dormont
Rga9falBmjqzHROfJaivMg,Dormont
RGJNFfjouDY54f22tOwdbg,Fairywood
rgnvT2gHHfW_jW1ZbIa_-g,West View
rgZMdJJs9PK6_VXSpKvRow,Dormont
RhnBoOv61mYYtNKatNYgEQ,Regent Square
rHoUlMwddZWyacMidoSVMQ,Sewickley
RhXKTksPWch75Bo1lpoLqQ,West View
rihElG5_qD8UqIYOCJRngA,Dormont
RiScY8vqr0jVInlHZNLPig,Hays
Rj66VhztiIDhtigeQALEYg,Dormont
Rj6cngJZMu5vl4cEn5RHrQ,Aspinwall
RJKSLn5-N0o6-zB7nG_ZTQ,West View
rkGuqKxFOvxhAKaDeFVd4g,Regent Square
rKh_Nl5edIB9AevqnDmO6g,Fairywood
rkmdsLONCydGM8HNQkPk8g,Emsworth
RkMuwPdc5s0NHu58xYWi5A,Fairywood
rl8aGh2SZbnXhg5qAFV-ww,West View
rlFEKTaUgQqN4O9ow3LO9w,Hays
rLVrrkfZJL8yfJqlpg9GkA,Point Breeze
rMmmMm4lmxKVcSn6gSW_hg,West View
RmY539rfXW8AUzF4T7vmww,Hays
RN0BrjsrPCkzSCRL9xvf0g,Aspinwall
ROAfOcAAWb7awBZ0GtI9yg,West View
RoSSOjjRsN7lfAtMuwLIqQ,West View
RpXf_faiCER75WP9V35WYw,Dormont
Rq_ToDn1U4tYxYq5hne64g,Carnegie
RR1MtyjdmRNZVOHpfIAfXA,West View
rrbqgO_atoJ_mYaOOxWjkg,Bellevue
RrBTIQtdHJYHJuV8fF1ojA,West View
rrysQBMgpCqhDZuM34vvwg,Dormont
rSjatGwSr86751cppmlBTA,Fairywood
rsZ4lKXPaoOoK-iFWqY2PQ,West View
rTJJDLXMIJnMBHD0rcw_-g,Sewickley
RttisSZQkaRtR7vNZTTnXw,West View
RuUoIs0tdxv2fV2vGDPanw,Carrick
rV0xOiJA3AFfkP28cys8vQ,Homewood
rVNbAHFsrm1kCdZsf8CLQw,Homewood
rWAzMylvCypS3ieJe-aYxA,West View
rWbM8lnQbYrUlcENo1VDug,Homewood
RwVfX993kWTTZ3XPC9Fi2g,Carrick
Rx6Mb-zqqKTAvwEukhMgXA,Aspinwall
RXqGX-t3caRPtQKxZU8Hsg,Hays
rXULENMtBohv3485zqG0XA,Dormont
ryfqk0Fnza8KwikwXivPuw,West View
rZiGxTgrDcoQrQjzzm4vFA,Dormont
RzPWk7omHWMl_DMoRitQSA,Fairywood
Rzxf129WeaGmam1Py_H_GQ,Greentree
s1zpHlAq5oigPL6vHlOR2Q,Homestead
s36Rk0jd78z75LaqifnU3Q,Homewood
S3m-a5BmUKgxSXgFpgbdPA,West View
s5XqvAOIepm0Pw8mAf27lw,Troy Hill
S7ECG2HNltSWFo1FcFTwFQ,Dormont
S7FgGl3c4hkRFQKMjLt-Og,West View
s8PwBK300SvyJ-dxL-FOpg,Brookline
s97Lrm9Qr2JdzRbHwMVFew,Aspinwall
s9DbjcVealcMBNxGI_wK8w,Dormont
S9kueVeCoWHSO5TNjpHlcw,West View
S9PKjvGM-AjT1H7nb_YsIA,Aspinwall
SB3W4cXmmAEf13q6AygNtg,West View
SbBJ2SadQTS-EPEt0b_IqQ,Homewood
sC85DcKmphPZeMciUz5eyg,Dormont
SCDym9EeJT8YUkaqVO4cZQ,Sewickley
SCmpyP24vhfxRo9grx37fw,West View
SCxd99NRccEiWkYLiJi-6A,West View
sCyER_dSEpznCAkkMWa8GA,Aspinwall
SeCqB4wiYEXMP5B1NYQ8UA,Homewood
sFd59MhJ9VofKBkgSJkEzg,West View
sfjngZWjRTu96tSFpjQOiA,West View
SfX1e7E_LNub2oYLIN922w,Dormont
sg4YoTVJZKELd3WBwUgG1w,Carrick
sGLdSwi3zKNM3c3f5Ep8jw,Dormont
sgmzN_YnOPtHAAfGlhc9yA,Homewood
SgOfHp-JK--Y82h6-Hk6zQ,Carrick
SgOG77GB4hWwzlfzcjwcqQ,Aspinwall
SGUGJxqdiaDTh87NQal5FA,Dormont
sh2m2SXVZlFSpsTOCHftzQ,West View
Sh7ok5ymVZhFZ7GJXb6Ybg,Fairywood
shNBn6mTKxZ124yPC_H02Q,Hays
sHsdd6MqHwJ7ZKD1YZqlkQ,Aspinwall
SIcEuGSPHsvplLr5t_a0tw,Homewood
sid1Wu5Z4v6yiHacGZdUeQ,West View
sJ5qBwy_VvnIARc7PtZztQ,Point Breeze
sJat5ygh4-PhAJJ3eZ_eZw,Dormont
sjG_7ZNeURtjkWPJa4Obtw,Homewood
sJMJMEjvR1zY9HfTxmkVKg,Hays
sJQszX3VVOpkQAwfIcjqzQ,Carrick
sKdqfQnWaF-tuL23apHtEA,Fairywood
sKWPbBAEM-XP9U5N5E4fHQ,Regent Square
SLjVCw1XCU9mLgD7yNeHqA,Fairywood
sm5Sl7z9Kx1yXExrdGuZ7g,Fairywood
sMQAZ3DkfrURFoJAyOhjEw,West View
smu9rSDReosvutpJ1qMHqg,Fairywood
SNobdhXtGeV_yceO-9QXuw,Fairywood
SPaG25AHUddzey2kgWUw4w,Hays
SpDSWxO4rLUCRAa3K6wC1Q,Millvale
sPUY_tuCU3lSWBeiZxyJ2g,Overbrook
sQgyIZq8F4lG87K_zT3Sxg,Carrick
SQtUIKYEk8STR3MHcvGvKQ,Brookline
SR5HPi7niUHNUmVEYsEudw,Aspinwall
Srl3TFbOAfa-9_1m_wK6xQ,Carnegie
SrN_BRxY5_mEMF35qkMR_w,Carrick
SrpZlb40mI_xGGdh4mniXQ,Fairywood
SRYLyzY_Eb0dXqh8rpBUIg,Homewood
sSmgOtvqX-OXjjS3UkFQWA,Aspinwall
STCQj928qKb8Sj1TTLuwQA,West View
sTl6ZAzZYdhuhVl7uB3jCQ,Troy Hill
SuMi4hxed5qk-M8IklFg8Q,West View
sVbM5ntERyHIYswd4fxGoQ,Regent Square
SvkZohb7zezIqef6oE14rA,Aspinwall
sw0nkPQvtxLtTyRnr-dt7A,West View
SW2IeSudmaezD_XUeVhQcA,Dormont
swtq8_5US4cHB1ABoY45pw,West View
sxM2B-rui8YpaU5KxanKig,Dormont
SxRcVG-_gkX63y8cRSCLcw,Aspinwall
sY4E0kW27Ng9YsmKMbPt9g,Aspinwall
SY777wwJW2inHwcKbwO-xA,Homewood
syJDAay5Huu3QWL51El2cA,Fairywood
SYpSDF3hmmdT45DN2isT8A,West View
Syuo5ZfsabWlcEcuD3qIiQ,Aspinwall
SyzmdHL5CW0lEeOl86kABw,Fairywood
Szl3MsKnwryJGYuPRPMaIg,West View
S_UJ_qGTK4OokidVrHRdrQ,Regent Square
S_VE4sLb8Tu59VYIgwc5Sw,Fairywood
S_VoH2qPxjm5l3MeuCgunw,Regent Square
T-HObwAoesLAwiyR4Lvfmg,Point Breeze
t-NVFr0VtdGRNMXfGWrsbA,West View
T-OuUSSzWgrMCv9TUX3epg,Overbrook
t0jV5bO_6jydjEONI_xDDw,Carrick
t1D7K0mG37aSk8x1Pj54VA,Aspinwall
T1EKhweXQnRP3niBrBL7Ug,Fairywood
t3fvuCmGVmKUzjoNmgfrAg,Homewood
T4PmlxuoVDYekaqsFEG9RA,Fairywood
t56j4QBIw-HdNnqw7Cq6kQ,Aspinwall
t6LKeb5gNSeqri1JqOPZow,Homewood
t7E0chL0rY4NNKtkHs7kaQ,Aspinwall
T7urN1yvp8TT6kG0w6tDAA,West View
T8-13dD8mV2qUI53wsUL6g,Aspinwall
T8c7Yl2Xp3cUkSfiRZpKMA,Hays
t8ix9wrySnC0Tf4-pI12qA,West View
T8_NXVNymIRXsI7AcWgBcQ,Dormont
t9AEeLI0SFkl3UiXVl1RKw,Homewood
t9U_Yhc7LL0_v938qfykIQ,Fairywood
t9wdJcqmYsdIOAwPuAXZ9A,Sewickley
tASMB84ttXKF9BuMH_f0DA,Carrick
tAtIQGO0JbJFBuM_zcQ_0w,West View
TbJ4nTCOT5NhAsl65qWSZg,West View
TCoflN0H55fwATrcgLpnqQ,Fairywood
tcOP56tZe6hlmdUHX2EH5A,Brookline
Tcqj9kMSKC1fPyNgXpczFQ,Homewood
TcRMs0ZaoSoWkasLiLwe_g,West View
td4tiWnfeVoxIClWjZmYAA,West View
tdFv4HMVEuqebqjHtkZVdw,Dormont
tDkV3AXURQeqSTrX8S7mjw,West View
tdLzywYXCOmskX95V53G5g,Dormont
TeaOjHwZmKYlD9ce1l-8Ug,Aspinwall
Tfpl122z03sp7fPi63Suag,Homestead
tg0H_UWXuRPFJ-2vzKdfWw,Dormont
TGHHVE6JycO4L9xfb3kCpA,West View
thD0qgWDmvjOkX4LvA1JMQ,Fairywood
Ti39ppobeNxge19l3bqeYQ,Carrick
tioMC2-mHzW32Tu9qxcepA,Fairywood
tixO3aKYU99KCFaRKm7Cjw,Dormont
TjJdpI5XX2zwHmXQbnEWeQ,Homestead
TKCUWxvknp5wAyqeOlCrVQ,Fairywood
tl0pTqHb760qiNIQj9dtIA,Fairywood
tLCDdztam3QQ0xdET2u5Yw,Dormont
tlNezzMIyVosTA00t5oVtQ,West View
tmQr1v3gavdZtck7_kx5uA,Brookline
toEpYp-Hv8fMc3dW6RcJqA,Dormont
TokSC1vjqUZtncgYG8lLKA,Fairywood
Toux3q1WwY2vNV5AhbR6wQ,Regent Square
Tp2jd64iH0v-vjEu2OWjyw,West View
tPj9ChKss1aLVF2LRp3y_w,West View
TPKkbzqzjgFMMVGYdNNYtw,Sewickley
TponXUIK378LcV_a-rerHQ,West View
tq1yTjjVDlLaodYO89zUdw,Dormont
TqUFwP0mQJBPFHql0tLVsQ,Brookline
TR3OcPOum-CPRbCcrwSy7Q,West View
Tr8TJnMoSgBvfZvmCx9-eQ,Sewickley
trgFCBEXId_7HpJMqpIq2w,Homewood
trioKWMz0NsM9v4cqmUQkg,Etna
TrZVtAQivYyGDOQH46_aFA,Sewickley
TsCq0UqOrKJ_ZJx7KKwKkA,Homewood
tSDcd5L_L6b_zWn586eXbw,Homewood
tSiR_cl3GBrTZUbEvkZ2XA,West View
tSU_1mfw6L1uhw_kuo3JFA,West View
tT5mW_pwxtcKAnDdcqlTUw,Dormont
TTnUoYDCQoTfldLs3AuTDg,Aspinwall
TtTVTEJXBuqa-CGnQP-uug,West View
tu2d6inO3V7OG12kr-4kKg,West View
TU3mPzR2brUd0YCa-_RTmg,Dormont
tuB82m4oIlKLyWeQjEF16g,Homewood
tvdgapAMPBTUDNUEYbPV3Q,Dormont
txJkOk-oY900paWJQVGdVw,Greentree
tXZxc-3HcXvj1Z-Tzs4Mkw,Fairywood
tyCIs0pyyw36apAXdR26WQ,Dormont
t_eyLFOgTRXTsgXKo5WDqA,Hays
t_KmnPMzJPD_0JhsdPg3eg,Emsworth
U-2-_MrmHPawNcGRYRoDqw,Homewood
u0R5Oz8ehcrcyEtFiibTFA,West View
u1_a84WeHWa1YlreV6RZtg,Aspinwall
U2d-meX4sVq0kiqcrpHt1w,Homewood
u2mvXTA8OjdH4XL1OhZ-hw,West View
U358rUKA2D3qX-Y2PBMTgA,Aspinwall
u3a-FR3dhQDBFyHMQbSaWw,Homewood
u4h4PzFlerkoVAGV7Pe8uA,Dormont
u4jR8L7hMFrhxrZq2NNTmg,Regent Square
u4l0efVfxp9vTbQAC0LvsA,Dormont
u4UwOZO6njSLVf6SRvVjyw,West View
u540gB8nSBDZez-Kb76G9w,Dormont
U5QcgzwssTQ6X60IQiB5jQ,West View
u5r_z283yq_aPSbQmrXOSg,Fairywood
u5WUedtZtOCWbfpBgNmMMw,Hays
u63Pms8h9LCtW4FmqUAouA,West View
u7cXSt_u8u1NMxCI5af4xA,Dormont
u7CxxEzx8hvjoJ8onN4zTg,Sewickley
u8ndOBCi3qVK0QISbIzmuw,Carnegie
U8pnFAr4uoEGzNJHmAplJQ,West View
u9-YcAtbCrsI-dx_mGvc_g,Carrick
UA9YbIJRQE9QEHVb7bYIxg,Carrick
UayCOOGeeEi9GLz9v4rFBA,Regent Square
uBroDHaLcXSE24c8EhPvmw,Homewood
uBrszqceiTByo55osdyXwg,Fairywood
Uc2PqdAPWPMxe6_YHB4wHQ,Regent Square
uC4bN2InArpm0T9KPRh2ug,West View
UCJpL9VFk3g1B2gjRlLy_g,Fairywood
uCQhvnmp0Mewbg4SvuOjrA,Fairywood
UdE2E77qVQRLNxwSy9SJ3Q,Regent Square
UDF-ISFu8lIZDyWvoR7nLg,West View
udOQuerBSi074Nsagjx6eg,West View
UDqYqhDaW96-y7l79VMODw,Greentree
ufauMm34wEgl617OiZM2VQ,Dormont
UFHwS_Bb5IrVYFWGutkY7A,Dormont
UfMRpaZTQKEmjYVMDiyEUQ,West View
uf_tGNDLES2s1eD2pPCwJw,Homewood
Ug-5VeD2r4v-v1BKQR-zaw,Dormont
ug90-3LUihhTE8Oz8-0qUA,West View
ugmQx75KCr8nc8E-d69K8g,West View
UGnCFVByiBDvEDQxx0VkwA,West View
uHbxUKziypVkHffEYfnP2g,West View
ui4fyPJ_HRm4HPkEmIHQOA,Homewood
uiOlkZbuQpnPHKPa26eV_g,West View
uiplgIpSIHX-TXHjemMuhQ,Etna
uJKI-Q5UjltENVAQ2XQSmg,Dormont
uk02t8IVKw4LXdXKQVXq4Q,Carrick
UkM9xM8SkHzMe_x5zl0MhQ,Point Breeze
UkylJaNbvMENvL61dgwdLg,West View
UkzDGNbsXBeSbyqtrX_rYA,West View
ul5kS0CmBhCud72B6S3deg,Regent Square
uLAEouerAj_JvTQJM6Absg,Sharpsburg
ulmS-gMjeBkmaMxdZtyyMA,Homewood
uLXel3bWmKsrMEMCDzO5bA,West View
um9n7JDaPaO1kmgs0cLjqQ,West View
uMbXJFvJRUon8NlUc8b5Dw,Dormont
UmFty_GxdqVe35apYnmGbw,Hays
UmZnFzo-NK2daxkl3_Rieg,Hays
uNBVnx12y-cRYSxukmTfnQ,Fairywood
uN_f8SF2SPJn1UJ3P5pUOQ,Regent Square
Uo4Go8qq9ycgA_9CM2ALSg,Dormont
UoMijE0Ae_K6O6Vq7wNEOw,Fairywood
UQRPRJTtGJiDLtYE-3A-Yg,Dormont
URpAp76v2SVBbDJr3Obasg,Homewood
UslSiDSUTCaq62FMpWK6Lw,West View
uSLXA7qU-eeatCluYKF7_Q,Carrick
uSSfw6pz1wqonMmJwOkLyg,Homewood
UTiw4oKHYn2X4LAIevrItA,Overbrook
uTkueYfVShjlkWHFxn_gFA,Greentree
UUALph8PYc4ndZsViLlZ9A,Dormont
UUbxc3MsRQK3I300Y9bJIw,West View
UVoIcd5KP3HZV6TP0oiFrA,Dormont
UW7693gZ_Ff_VRGgqLRm1w,Carrick
UwzVqH-Vih6btn50eGaeyg,Regent Square
uxC9OVoio_IFDvs63MjcIg,Fairywood
uXjc2pnnhHXL-gXYYP0nWg,Fairywood
uYF7tmDkMSIB0ghBN22Xhw,Regent Square
uyl1-jGMf9RJ6__PGkQNPA,Greentree
Uylbni1gZLU9NYI2gwQKdQ,Greentree
uYzaARioENSfB9Y9Gk2PDA,Homewood
uZBRmbonKzNnl0rwY7COrQ,Dormont
UzCZyYj511zKERJEpEk7-w,Carrick
UzrhDLsNAo89kxvzerpW9g,Emsworth
U_Rnw9Q1MuWM6Ht8dEK7Pg,Homewood
v-8AVest8TJwQp0er4dASQ,Hays
V-iYnXthdocmCRkA2xcg3w,West View
v0KawuAO7clhXCDKobFs0g,Sewickley
V0pMFxsKTI2b0D1pNjj-gw,Greentree
V14xyjjFa96s4AzJPjJvUw,West View
v1GHndXuUkDdV-gNCSldQQ,Fairywood
v1Ni_SpHYXBxk2fjAkXZ6w,Carrick
v2p41Sth_KPh_2nbvV4nnA,West View
v2R_QhaLPvxKbdpJp8lPdA,West View
v4YPhoi4MtoLxFP3ngFsYQ,Dormont
V5b5bwfNNJH0VRe0pftjIA,Regent Square
v6aj5PH0BqSKSl8zeJQr6w,Dormont
v6J3meZOxBhDMK5yEdxjig,Regent Square
V6VcQbT4mN581mvzQH5oHg,West View
v6xCjN--LBjqQLbb9cODNw,Fairywood
v84O7YwkMuwIH8xReJ0xYg,Homewood
v9tdQamX1C_jvF5OCtAUew,West View
VAi90YmGh93IjkdE9v87DQ,Aspinwall
vaj3ucCSmZ3TS1JZGpwHcg,Homewood
vblct6rMen0wyOqGEy-pNQ,West View
VBQK4jwC5ZC7JbQiSADW2A,Sewickley
VbU_eZY9ri-TZ_WnV5CzaQ,West View
vC99Gqe6d7OWCngF3rqqDg,Millvale
VCQadvTqxyxGyzBp21s1eA,Hays
vDy8SAJ5TyoCmgHSybLY_A,Carrick
Ve6bA_jf9A7EWKXeyWf7PA,West View
VFLsE1HxQZKRoljUBeE1jg,West View
VG2Tu9i-ZOwTVlUktTGE9w,Brookline
vG8Dx3_Vh_WlsZlUZiAa5A,Dormont
VhcHbNAfYDoxefwGnK_Vyg,West View
vhfnJEgERPLm8i3QL-fD8g,Sharpsburg
VHorIy8KfwnMVlXNzvzulg,Avalon
vIHEp4EbzDs8CtA-Tf3Mkg,Overbrook
Vj7wI_yuB2QhECoriinI7g,West View
VKro05LNiOkRCbYwxpKwtQ,Dormont
VlzRXhclcHbis5RYaKyvPA,Aspinwall
vMH7j7Hl36b0gmdFWyZXpQ,Homewood
vMt33XElVfSFDB3yMY8-0Q,Dormont
VmXRkH__w29cSYtlyGDQjQ,Downtown
vNNblU2mVeyp4UvgGwHxcg,Dormont
VNOosvcE6HN_dqSTqRicXQ,Carrick
VNyrLWOqd8o6RdKs0I6Fwg,West View
VObfskmUmh8vdpx60lruOw,Dormont
VoYrslgeS0wE4qjYT8HnNg,Dormont
VpsXhgaBA7-65Gt2zg8Nkg,Fairywood
vpwyL6NHm-pTWJ5IeJb9yw,Dormont
VQMPx1M0mn39bPVl0VXfLA,Overbrook
VqPEQ7vi8jtW5e7Ub10KXQ,Downtown
VqprK2mx2d6X3fufk5y58w,West View
VRMNW1GXYihRxEnr1UI8hA,Dormont
vsbzUQD1LFuagt_h8wDfqA,West View
vSx7sWoVFKb21JxqYnXcYg,West View
vtwVK7xbMpg84_OlGONvVw,Homewood
vuDL_d3GYAtbvX9EJQqVog,Hays
VUDwlypqw1-DTK_lfEP4jg,Fairywood
VVbp-2Bs5_MGrjboTwpSRA,Carrick
VVTrM-J-3qSQv0mGJF5fbQ,Hays
vW9WldtS_zDa6LyAn5x3aw,Bellevue
vwlD-QrL_13_3Gk7i3fqoQ,Overbrook
vWRsYiGYz2gtFBScSdw47g,Carrick
VWtI26Mu69IrG0nugb23lg,West View
vXhlnFw9k5ch1GVFOlddgQ,Dormont
VXKIx4WUGw3jNad0BOcFYQ,West View
vXVXhaZVdaNXAdpj5HxWSQ,Hays
vx_b7JwVR10li0jFT8Mp-Q,Homewood
vyi4oab9aROuO4xJMIHleA,Overbrook
vYRxMRpdUES85ZEpiQwjgg,Homewood
VYxW2QJHBEsPl_KUwd3aww,Sewickley
V_7yElBn4XkB0V84a5wpOQ,West View
v_BoT7GFDSKJ0IF5d9g_SA,Fairywood
w-3cua8wSEjFImF3pUR2xg,Fairywood
w-C9LX2gMSCHZzmrsHWrsg,Dormont
W-QPMnv-obLIsPhpwPfhUQ,Fairywood
w-YZ755_a3SswPSeUwCdSg,Fairywood
W2acVk4pllV19ox9K10FFw,Dormont
W4k4E2dbDN6bwtPPgNm-XA,Brookline
w4M2X-K8soVQEliYp8EeGg,Overbrook
w53w6IvO6EWZyh7VF12oJg,Aspinwall
W6TH029-LDmCRwuDqV0TYQ,Emsworth
w6WOclNdCBYgUQXGyNAYGw,Overbrook
W8fCnFWYTYGC4ssuOZ5jiw,West View
w9elq4MdEzTPX7CSPXHQHw,Sewickley
w9IDJZeQhTQuBSTEu4nheA,Homewood
wA2xaBsT8d2opW_jYe1XLA,Carrick
Wa6ergu3CoiFCjCpMvq_PA,Dormont
wAcmbZyRSwp3td-4Z6BvWQ,Dormont
WBar3m0wIREUcZFy-RPS3Q,West View
wbVRLmGpJITCxDD20ceHWw,Homewood
Wc94kBgappa9fz_2Pwez7A,West View
WdjZK2Zti8mXSXXLYt-aoQ,Dormont
wdTcd7edB9g-zEP6YWBP2A,Dormont
wDWKQR2psTIj4BZ0mf01Gg,Ben Avon
wDyxm4CfuXyrhSunhLX7cA,Point Breeze
weN6Od5SD4ApHaGQ5qmtxA,Aspinwall
WF04pJCjxY6O8nAJUEu7tw,Homewood
Wg0xzudBYuW8Pk9KSXBhvg,Dormont
WG6GsWEbZe2guw-QOidMDQ,West View
WHxonk9W_sRLk8cwOoZQqQ,Greentree
wi0JoPT_61pmzn87KcVQgg,Carrick
wjaOY12srS2OQYk04x8y1g,Dormont
WKrVZc6U3AvBNimsp6r5HA,West View
wKtIVEF2MtDGJhYvrJtNsg,Dormont
WLw3hbb7-UOmg2i1kd7r_g,Fairywood
WNeT0hB41jUt-sbmJmGKtw,West View
WObAitv-3nkxlf195a7IyA,Fairywood
wONCFRYc5vsHrPiWuWSHTA,Carnegie
WoPfxF4x9AWH9SxOJtCPFg,West View
wp5FAtCGMyU2RnQ-7kxKHQ,Point Breeze
wpqXQMhXP0vIp3rpwmP6jw,Dormont
WPRLdtddBtD-jfVYQFvOhQ,Aspinwall
wQLG7dbGhYSXZRBDT9kvcA,Dormont
Wr11jqmvQ467VQEz4nGtZw,West View
wR15076rLZr5TkuND8W34g,Homewood
wr2UArCiUTbLvjzH_EmFnQ,Carrick
wRPGiWjMR9DaYFA3xFhUPA,Greentree
wRygWw0S23uqI2PWkZlZdw,Brookline
WSAN2er3DhaZ8ybNStxCbw,West View
wSwkjQXQsWLQHa6AvFr_RQ,Carrick
wtDLILBaj5BGEbYvWGfNUw,Dormont
wtfWKqj6B_hFCb2AZhxGlA,Dormont
wTjRn-n2wr6aLkNqFIuAGQ,Overbrook
WuULSJ9xPiys7vLWpYpxQQ,West View
WUX2AT2xkKMgD-C_cCx6ng,West View
wvDT67R5duF_hYx5iOXLaQ,Fairywood
wVyAZ5ATW8UvsTaJFsjCfw,Brookline
WXqYRcFOwwz3Bz4H5wCKBQ,Millvale
wXw4gfKADpCrZ7etddmsTA,Hays
Wy-T0riBDHOI93RhaJfbpw,Greentree
wykyxd1-DaEEAjudGyiKfw,Homewood
wymUX-o-ytt31yUo_FI4-w,West View
wZEK7GmLJ3hmkYBiRCo4Qw,Brookline
wZkNF2LevB8lB-NvdNPYlg,Sewickley
wzwCONlNnBXf3OFGrzYAqg,Dormont
wZ_p4m78dKfSallYY2CEIg,Hays
w_CbWyTTP8vbjZqzR-DTjQ,West View
x1Ysp6ncVoVzs4Wr03_oMQ,Homewood
x2JIEQwLOg7dig06oq5s7w,Fairywood
x2LoVVm5VQRjSgeM15CLow,Regent Square
x2wfT_y8TgCfEHD7DSyL5A,Homewood
x4VjM8B94eQkW_hFFwwEqQ,Homewood
x5Ls8KSbhzwWj05frOp81w,Aspinwall
x6IffPPcCWOnVA40_joQVA,Fairywood
x8-MzrVwJCwzqoACL21AJw,Carrick
x8lqSZH33vZ6WM1gtdJvog,Sharpsburg
x9ABq0u2quurwRYlVDydVg,West View
X9Bql7RrPU5Mab5-hJsI8A,West View
x9DcUQTyx_yjJYLkHLcyBw,Fairywood
xA6L2w_TlbxHubb1xeBE8w,Greentree
XaTts7L8g57_odPEFuwkOw,Point Breeze
xBH415OpdwoJD24XpP1U7w,Fairywood
XCb2XhNk3CuEbdBXc1OU3A,Dormont
Xcj-n1DwX3KcOjvIwLo0jw,Dormont
xcjEnqXQU4a6FfomtQR9tQ,East Carnegie
xCmFGgpTkf77fNCrvkDBsA,Regent Square
xCPYkYwtN-qpAFVKQYCEYg,West View
xDl-6o2NtEW3mh5geK8VUA,Fairywood
Xdoqt46KMRBiaWWMa41m1A,Overbrook
XE2XgyfWUDEM8Ol4quz9qw,Homewood
xEbAiDBB_TCBZnYO51T0UQ,Regent Square
xExez3LxEULhqXE9lorcAQ,Dormont
xgD0K7jL8r5Gud15zfiaaA,Fairywood
XGdgYagiqxTKbkd5vRtTVg,Regent Square
Xh8hTDnDDuCAqL2Ulmrq7A,Greentree
xHLMtxqVTbcjWN5DXHLiFg,Point Breeze
xHx5GY5Piiiwynne4X-y-g,Regent Square
xh_ByBcQAU40VlbeqH-YkQ,Ben Avon
xi8D-CjJlH7ge1CgMfkdTg,Carrick
XiHEEQvCSbnGMrqmvcG83A,West View
xIl5tlWsgWEpw0V-jdsYLQ,West View
XjAb0mxgCtq96pWWJjUBAg,Fairywood
XJPPcsVJXAvc21FUeySC2w,West View
xjViuMrrApPM6Rnz8ovOVw,West View
Xk0WyApIlEIjoTkDR5PBzQ,Aspinwall
xK4K5OwcYU0UjrWwEVHRCw,Dormont
XKkpN2xn680w-A8H2lhxNw,Fairywood
XKOAi4J47i-YEhhHfKkPRQ,Etna
XLbxukYcupGg8xhlVpag8w,Carnegie
xlcasiT7khpxFTvl_vfaoQ,Aspinwall
xllrMDh-r4iViWE9jbAo-Q,West View
xLy3aWEbtpoUSVdjuHBS0A,Fairywood
XL_UXD2rDSO37i4A56W_bw,Dormont
XM2Rdiu4sVwzS9s0hnxPJw,Greentree
XMNMDA4qO6HfEkHG9I2Qhw,West View
xmQI8hN7lWjtfRTfM9CdFA,Homewood
xONyEUEpUjwha0pLEjKopw,East Carnegie
Xp2Owe_MZcRiCFZJuyarVg,Sewickley
xP7TFk19FZ_idfegBZ9nJw,Regent Square
xpBaZj0X_yQBErjgxVn9zw,Carrick
XpzeHZ_9jDynp7ONcWCTCg,Fairywood
XQjigVIJSnsXXUP1igIeEw,Greentree
xr86J9_b5G5w5lRr-NvgZw,Homewood
XrYAU-lCeIfDjKiaLMHvkg,West View
xs2T1Kg76coxAzc6-ojTag,Aspinwall
XSIvsz5RwrUZtZhZwPxjgw,Dormont
XSyhcJ5cr7A-fREAorrUng,Carnegie
XTd-TFyz3-R7mFxUKsFxeA,West View
XThWHTqpinUK8mGdXgnCcg,West View
xtN3UOz1xFu3usxWeXTvhQ,West View
XtnmIgn7uWXRA3RC-GLANA,Emsworth
xTrbqLEbX2avhKvK16OCPw,West View
xU7fGxpn6YNmuUhbaGm62w,Fairywood
XUDOc980cjB0PZvVS-T6Eg,Aspinwall
xUsLyzWQId6nXwNDVq08qQ,Carrick
XvrjictKJzlNQKVFrYmA2A,Fairywood
xwEYTGJ_82ScbpXcheqqQw,Point Breeze
xwM_DY7fKPN6YoeGWGF-Lw,West View
XWRhaOGnRwHk-FICdbcCfA,Point Breeze
xYuymzi006sctF9-6ABvfg,Fairywood
Xz5tTSD3X3gACOiVn101tQ,Overbrook
xZBf_qjieaXnq1uv05Fkcw,Sewickley
x_9malt5q6yHZwYdX6k6Hg,Fairywood
x_AmiOc8DPAyHe5VeoDYEw,Regent Square
X__mjN8mTACUdp0Sy806hQ,Carrick
y19xFolCozaRA-gGmHwkQA,Aspinwall
Y1IHriCOLGq0OR4L-646eA,Aspinwall
Y26jNIMNRSCRX3wCvHByUg,West View
Y2cwQRPlyf5GKJ88kLOntA,West View
y6Q03BktwmsPxo23U8MfAw,Homewood
y90JVPFQ_TWGQaBhHtSm3w,West View
Y96flKxYppmkLrVvFkyKgQ,Homewood
Y9nKj7MTQkqxz-iUekqxMg,Dormont
YAci8e4YFgaVYyI1mDpp7Q,West View
YadN7pDaK36He8mslyy5xw,West View
YaGOexmueYIe8ivO-R75Ng,Point Breeze
YAh8NNgq3vSRxQW6PQQ5Yg,West View
YAHCyxoiON-8sjLnPxcGZQ,Fairywood
YajT7NNbaexIbXpUuQ8a9A,Homewood
yaRH1CPklp0J4MlueTcfoQ,Greentree
yCj8pULenZsAVk9cFPcFKw,Aspinwall
yCXYIz0MxVfT05TRwr1EiQ,Homewood
YD6o9PtV8jrdG8cgdt7BxA,Sewickley
YDJJLGn32StzAuHx6PK-AQ,Carrick
ydM6JUPDxKq7Z5tcd1z2cA,Overbrook
ydV_pHucakfLGO2TGo02XQ,West View
YE-LFtEuvVW3YWDj-ZrHOw,Dormont
yednPCeCKT2eQWtv5wd7Lg,Etna
YeFDbJeQCyLLibc7yQQWYQ,West View
YF3MsPifKWOMZ75TBFE13A,Fairywood
Yf74t_bR1mhRXY03IU6OhA,Brookline
yfBh0WKmo72-dVez6ud-mw,Aspinwall
yFumR3CWzpfvTH2FCthvVw,Sewickley
yfYmLtWX6W4767sMxFpjKg,Carnegie
yh-aIIvVa7Gha_JhkTpd8g,West View
yhoCIkTwHihWejVqGYZ4rw,Fairywood
yHtT66s76wZgPwkGhpBHmQ,West View
yIMZ8XeGJePfYWr7BBNzww,Regent Square
yiN4aDHeW0kBvZQE1bYTLQ,Homewood
yiX5VCEFhO7MXlmbUPwr8Q,West View
YJU1xKDxn9k9JhRSUQU7Qg,West View
YKEfXcJFJQ8uIDsBywAO3g,Hays
ym7uH6ZpCfKQ1Of7eaYGCA,Overbrook
YM91XkLsC4Z9OMhGgD0Chw,Dormont
yn39vMu8Iu28OkY02ay-Fw,Overbrook
ynKAUSYi3c8M-rkVJI1PcQ,West View
yo0fh_IKjofxANa59BUUwg,Sewickley
YO0wmR-mgb_2dNCSyZFoaQ,West View
YoOsERV-VRjFz7yw_li2ZA,Aspinwall
YoTJRewKGsUpxVhgKEuQLQ,Brookline
yOTpEAqnsKYcnD4SlpFj3w,Regent Square
yOz3FAEGgMlCOxDYOvW9XA,West View
yP08-Tb7QaQnb_6x_tDe4A,West View
Yp71ZojB-BCUg-x933Pr9g,Fairywood
Ypu8gJR_NalmnPZ-Df5apg,Point Breeze
yqFG1ANsAV6NBn_BC2LU4Q,Fairywood
yr1wtQ6tZGMNCiMK6xzgWg,Homewood
YSUMrPX3AdsN3riXCDp6GQ,West View
yU_z2d0TnLBBFEEYMYhKJA,Fairywood
YvCSy44tck2FebK5ScZA3g,West View
YXAyRrYQ4vYqswa-lm-qEw,Dormont
YYEm5MR6HMCQYI0k1wVnXA,Homewood
YYnHy8aFPW8czv2F3Bz4cg,West View
yZD8ptgWvNvqzYapO7Uimw,West View
YZvaybK5UzKMCnNQwsMrWg,West View
y_OJFv5he7x1EXsWNPHKVg,West View
Y_tZOg2a9mUHgEqDBoKLgw,Aspinwall
z-0JQfYbSI_0VR0QP6ko9A,Dormont
z-4Zy831OcJ0rMeP4Ts1wA,Homewood
Z-6QSR2lC-opp9l6HLYG_w,Dormont
Z0dhlebl8VaK5zsSwedyOA,Carnegie
z0RcnOcev3kVMXmaXWZZ1g,Aspinwall
z2RiCl_iU-8bM4Lj1zNL8g,Homewood
Z3BV5r9cU3VveZ0u8wSjog,West View
z4QjOQPldP3SuKQq0PCk_w,Carnegie
Z5LyFZUazPQ1x_i6HsS3vw,Dormont
Z5NhdlLCu--leud_OLcvIA,Dormont
z7ns1g4S82kaBdIAC_RMRw,Sewickley
Z8tT9ma82SQep1dpLpwR2A,West View
Z9FR2A7RzBf1nxwRdlccJQ,Dormont
zaDZo74bWzds9MunE6XVxA,Dormont
Zahth8-QreH5x4F7M1ewAg,Sewickley
zArmkc8hDXpY2QMxfmv6tA,West View
Zc6pf1q3sbB8Lbjrunz-FA,Fairywood
ZcYBeh-_ubSsZLJA97PSLA,Carrick
ZDgCaWBwdAKxUei9VEnVDA,Dormont
ZDLob3la6lpPgQy6UWE7NA,Carnegie
zDVBtkJLxQK8gwABkSkfmg,West View
Zenc3vbyNCJ4hCFUrujl-g,West View
ZFk_O8gSM-imjgsQX7wjmg,Aspinwall
zG9306XlgO9EyIhSpBBw0Q,Etna
ZGm80bxEJc8fqV65syCtDA,Fairywood
ZgqrKp1T9KXe1iXwdi9bXw,West View
ZilM6Gz36QTNBmDyIqKWyQ,West View
zjOfUAyqyH_BPe7EkFBrEQ,West View
zjQY2zj5hrZJUCE8Nyu2Zg,Fairywood
zKfTRI1_hGZoxk4ox8zW4A,Carrick
zkW7OAv8Cnb-3SxEBOubTQ,Regent Square
zMPfZdODe82SL_zxnv7asg,Fairywood
ZNdV9ytExuxPTXSN8i2xhw,Dormont
ZObPIreugIfj4eebzvcLQQ,West View
zor_uZoZrP_jUuxs9EtKsQ,Homewood
ZoyXp-YqybE-Io2Iq2rTAA,West View
zpIybGTZ0RqArG8BOX0ALQ,Aspinwall
ZPVhjltJcQ-YnaoV-h-FeA,Dormont
ZqP_j4ZTFSN5dkHYF0Lobw,West View
zrVScOF63r1LuZNbKr5qBg,Hays
Zs-Gk02SPk_CU7NgMAVTJw,Aspinwall
zS-HQc_OSA1igs2hxPvMCA,Homewood
zteZLrmv5yPhsonXoI5hQg,Hays
Ztjkea16OwLh_IBi-g-v1Q,Dormont
Zu8j9U_RiGls0arcWji2FQ,Carrick
zuVd_9tIwTEYGouc8jGrjA,Carrick
ZVWSOxlmz1yJfbZaJwYOug,Carnegie
zXaW8C2qtFHGVTETEcUX9g,Fairywood
zxgElV79Pgxq5vW8hhfnWg,Hays
ZyyE3aQixJwecjkmvl2nIg,Millvale
zyZ5X_MyFurPTbSP_RoF0A,Greentree
zzwhN7x37nyjP0ZM8oiHmw,Sewickley
Z_EAa59DcJy4dI7dDf8jBQ,West View
z__JRL2EbwxzflKrzhe6Gg,Millvale
_2942alwmj2AcLEUpjl-Pw,Fairywood
_4SL_U-lS27l8mH4gU6Qjg,Sewickley
_82041xhXs6-_WWT82BA8Q,Brookline
_90zPZXAohZpRLGOx4ExrQ,West View
_adbswq_0E8MoJ9eoVf6vw,Homewood
_AKdBFzkl7GY-daxUCCbVA,Fairywood
_CaDSAHTx6_7NecybwyzBw,Fairywood
_crm3cMcEe1PX4H1Uap_AQ,Fairywood
_CZUfZp5A2TqP5UeohDFVg,West View
_d69ooWJ_7AXYQRvVNSjmQ,West View
_d7ySCr1d4k-NmDsdNTqgQ,West View
_DZJXD_kxm7Nlb6ljI3cjg,Homewood
_DZSPHwPT2C_N4_h4I5UVg,Overbrook
_ewDPNKX5MsTGl2JebHvMQ,Fairywood
_F1GhbDwQhIwy2dB9DQ2FQ,Ben Avon
_gUZFaRAgaEPyKOqFB4Www,Dormont
_HK-LDAH0HW3q6cqPmqZrQ,Overbrook
_hnBejvrFsa3Xa65CrexCQ,Hays
_I-z8EJ8rpXMmjTuCr5oqQ,Overbrook
_iuNOWWFHtCuQFpBYTjXkg,Sewickley
_JV_2YiaCoJCwuuWaFpZCw,West View
_laY6Ba-VWXCR6xg7LVtuQ,Dormont
_lZGnChRgI1PwKOgS_Rpyw,West View
_OovTBKcSGNp-sekNjoGPA,West View
_pBlH6HOsqZFnwiuq92uUg,West View
_P_Hznxd1vF-agFXTS8KGw,Homewood
_QRw_htRxGPGZbwu-Pg1Cg,West View
_R7cfWpcO11KFn5-JTgZSQ,Dormont
_SMKHYIPOaV5tW1Yz3UBaQ,West View
_Sx9XCDistFkOTq4ZHm09A,Aspinwall
_TarLgdgcg241o8lbKn5-A,Fairywood
_tiKfLS7EVk0hIRzVC6Lrw,Regent Square
_Tn9xzE06-7kDH2CzRg9YA,Sewickley
_tpvRiE69BSU5IAcqcr5sw,Greentree
_V4QETDW9wHaKRR0H-Doqg,Hays
_V6vuFe2p6AciJbR17P8pw,Aspinwall
_VYUU5HPLYasd-xdKLimNA,Dormont
_vzNvnj8ob0hAk2QXEv3Mw,Fairywood
_X8Hh_lBn11s2rhEUyhrUg,Homewood
_XqFJK296_DNlUwNH-YM1g,West View
_z7FSmLzk7C88H8zLnN0Lg,West View
__sXvAzVGUsK6AyzT19v6g,Etna
